product_id,vendor,product_name,category,source,last_seen
7062811,coles,Blue Frog Granola Pic's Crunchy Peanut Butter,granola,search,2026-04-27
4310848,coles,Blue Frog Probiotic Granola Manuka Honey & Almond,granola,search,2026-04-27
5293507,coles,Blue Frog Probiotic Granola Triple Nut Crunch,granola,search,2026-04-27
3500327,coles,Carman's Almond Vanilla & Cinnamon Granola,granola,search,2026-04-27
8015588,coles,Carman's Crunchy Granola Bar Raspberry & Coconut 5 Pack,granola,search,2026-04-27
4308631,coles,Carman's Granola Low Sugar Raspberry & Coconut,granola,search,2026-04-27
5297417,coles,Carman's Granola Protein Rich Almond & Hazelnut,granola,search,2026-04-27
1132685,coles,Carman's Light & Crispy Granola Honey Nut,granola,search,2026-04-27
1132812,coles,Carman's Light & Crispy Granola Raspberry & Vanilla,granola,search,2026-04-27
7043624,coles,Carman's Low Carb Granola Peanut Butter,granola,search,2026-04-27
9013023,coles,Carman's Low Sugar Cereal Raspberry & Coconut Granola,granola,search,2026-04-27
3500382,coles,Carman's Pink Lady Apple & Blueberry Granola,granola,search,2026-04-27
8957501,coles,Coles Finest Granola Grain Free Honey Almond & Coconut,granola,search,2026-04-27
8953690,coles,Coles Finest Granola Honey Roasted Nut,granola,search,2026-04-27
8956429,coles,Coles Finest Granola Pink Lady Apple & Caramel,granola,search,2026-04-27
9467745,coles,Coles Nature's Kitchen Granola Cookie,granola,search,2026-04-27
3779428,coles,Dorset Granola Berry,granola,search,2026-04-27
3779450,coles,Dorset Granola Simply Nut,granola,search,2026-04-27
8848889,coles,Farmer Jo Gluten Free Granola Caramel Almond Crunch,granola,search,2026-04-27
8848867,coles,Farmer Jo Gluten Free Granola Nutty Chai & Coconut,granola,search,2026-04-27
8849338,coles,Farmer Jo Gluten Free Granola Salted Maple Cashew,granola,search,2026-04-27
4308551,coles,Farmer Jo Gluten Free Keto Granola,granola,search,2026-04-27
3758042,coles,Farmer Jo Gluten Free Paleo Granola,granola,search,2026-04-27
8153082,coles,Farmer Jo Honey Granola,granola,search,2026-04-27
8153050,coles,Farmer Jo Maple Granola,granola,search,2026-04-27
8146451,coles,Farmer Jo Paleo Cacao Granola,granola,search,2026-04-27
8153173,coles,Farmer Jo Paleo Cinnamon Granola,granola,search,2026-04-27
8153038,coles,Farmer Jo Paleo Granola,granola,search,2026-04-27
8962115,coles,Food For Health Gluten Free Granola Caramelised Apple Crumble,granola,search,2026-04-27
8962126,coles,Food For Health Gluten Free Granola Creamy Vanilla & Berries,granola,search,2026-04-27
8962090,coles,Food For Health Gluten Free Granola Honey Roasted Nut,granola,search,2026-04-27
8962137,coles,Food For Health Gluten Free Granola Maple Almond & Vanilla,granola,search,2026-04-27
7083221,coles,Freedom Crafted Blends Blueberry Granola,granola,search,2026-04-27
7083243,coles,Freedom Crafted Blends Maple & Almond Granola,granola,search,2026-04-27
1135311,coles,Heritage Mill Light & Crispy Granola Vanilla Crumble,granola,search,2026-04-27
3281041,coles,Irrewarra All Natural Granola Original,granola,search,2026-04-27
3281063,coles,Irrewarra Fruit Free Granola,granola,search,2026-04-27
3590104,coles,Irrewarra More Nuts And Honey Granola,granola,search,2026-04-27
1750254,coles,Jordans Crunchy Oat Granola With Berries Cereal,granola,search,2026-04-27
3215105,coles,Jordans Low Sugar Granola Almond And Hazelnut,granola,search,2026-04-27
3779381,coles,Jordans Low Sugar Granola Blueberry & Coconut,granola,search,2026-04-27
2499255,coles,Jordans Simply Crunchy Oat Granola,granola,search,2026-04-27
1156606,coles,Kellogg's High Protein Granola Apple Crumble,granola,search,2026-04-27
1156592,coles,Kellogg's High Protein Granola Forest Berries,granola,search,2026-04-27
1156617,coles,Kellogg's High Protein Granola Honey Nut,granola,search,2026-04-27
2372797,coles,Kleenex 3 Ply Large N Thick Aloe Vera Facial Tissues,granola,specific,2026-04-27
1700890,coles,Mayver's High Protein + Granola Apple & Cinnamon,granola,search,2026-04-27
1784937,coles,Mayver's High Protein + Granola Caramelised Honey Oat,granola,search,2026-04-27
1700868,coles,Mayver's High Protein+ Granola Mixed Berries,granola,search,2026-04-27
1546098,coles,Nature Valley Crunchy Granola Bars Roasted Almond,granola,search,2026-04-27
8386273,coles,Paleo Pure Grain Free Granola Berries And Cinnamon,granola,search,2026-04-27
8386295,coles,Paleo Pure Grain Free Granola Fruit Free,granola,search,2026-04-27
8386284,coles,Paleo Pure Grain Free Granola Low Fructose,granola,search,2026-04-27
8386309,coles,Paleo Pure Grain Free Granola Raw Fruit Free,granola,search,2026-04-27
8386310,coles,Paleo Pure Grain Free Granola Sugar Free,granola,search,2026-04-27
9026160,coles,Red Tractor Farmers Market Golden Harvest Crunch Granola,granola,search,2026-04-27
9026400,coles,Red Tractor Farmers Market Honey & Cinnamon Granola,granola,search,2026-04-27
9026783,coles,Red Tractor High Protein Granola Fruit & Berry,granola,search,2026-04-27
9026740,coles,Red Tractor High Protein Honey Nut Granola,granola,search,2026-04-27
5288482,coles,Red Tractor Low Sugar Granola Vanilla Blueberry,granola,search,2026-04-27
1133360,coles,Red Tractor Low Sugar Protein Clusters Raspberry Macadamia,granola,search,2026-04-27
4312843,coles,Red Tractor Protein Low Sugar Granola Apple Caramel,granola,search,2026-04-27
4312821,coles,Red Tractor Protein Low Sugar Granola Choc Almond,granola,search,2026-04-27
4312832,coles,Red Tractor Protein Low Sugar Granola Peanut Butter,granola,search,2026-04-27
7062560,coles,Sunsol High Protein Granola Honey Nut Crunch,granola,search,2026-04-27
7062550,coles,Sunsol Protein Granola Chocolate Almond Crunch,granola,search,2026-04-27
9031433,coles,Vogel's Cluster Crunch Prebiotic Granola Peanut Butter,granola,search,2026-04-27
8593100,coles,Yava Granola Bites Chocolate Vanilla,granola,search,2026-04-27
8593052,coles,Yava Granola Bites Coconut Banana,granola,search,2026-04-27
8593143,coles,Yava Granola With Cashews Chocolate Vanilla,granola,search,2026-04-27
9161519,coles,Coles 2-ply Facial Tissues,tissue,search,2026-04-27
9161530,coles,Coles Facial Tissues 2-ply White Facial Tissues,tissue,search,2026-04-27
9092540,coles,Cottonsoft 2-ply Facial Tissue,tissue,search,2026-04-27
9493100,coles,Kleenex 2 Ply Jumbo Facial Tissues White,tissue,search,2026-04-27
9333818,coles,Kleenex 3 Ply Large N Thick Tissues Facial,tissue,search,2026-04-27
5118857,coles,Kleenex 3 Ply Soft & Thick Facial Tissues,tissue,search,2026-04-27
5749166,coles,Kleenex 3 Ply Wellbeing Aloe Vera Facial Tissues,tissue,search,2026-04-27
5749086,coles,Kleenex 3 Ply Wellbeing Tissues Facial Aloe Vera,tissue,search,2026-04-27
7340120,coles,Kleenex 3 Ply Wellbeing Tissues Facial Aloevera,tissue,search,2026-04-27
3157745,coles,Kleenex 3ply Wellbeing Facial Tissues Eucalyptus,tissue,search,2026-04-27
9110234,coles,Kleenex 6-ply Ultimate Facial Tissues,tissue,search,2026-04-27
1813365,coles,Kleenex Aloe Vera & Vitamin E 3 Ply Facial Tissue,tissue,search,2026-04-27
3661268,coles,Kleenex Facial Tissue Everyday 2 Ply,tissue,search,2026-04-27
8134780,coles,Kleenex Facial Tissue Everyday 6x10 Pack,tissue,search,2026-04-27
3661246,coles,Kleenex Facial Tissue Everyday Kids,tissue,search,2026-04-27
6891231,coles,Kleenex Facial Tissue Soft,tissue,search,2026-04-27
8134758,coles,Kleenex Facial Tissue Soft Lotion 6x10 Pack,tissue,search,2026-04-27
1281572,coles,Kleenex Wellbeing Facial Tissues Eucalyptus,tissue,search,2026-04-27
6325314,coles,Quilton 2-ply Hypo Allergenic Facial Tissues,tissue,search,2026-04-27
3055290,coles,Quilton 3 Ply Aloe Vera Facial Tissues,tissue,search,2026-04-27
3055268,coles,Quilton 3 Ply Extra Thick Facial Tissues,tissue,search,2026-04-27
5080936,coles,Quilton Gold 4ply Facial Tissues Aloe Vera,tissue,search,2026-04-27
8053598,coles,Quilton Large N Thick Hypo Allergenic Facial Tissues 96 Pack,tissue,search,2026-04-27
8065804,coles,Sorbent 2 Ply Extra Thick & Large Facial Tissues,tissue,search,2026-04-27
5834527,coles,Sorbent 4 Ply Pocket Pack White Facial Tissues,tissue,search,2026-04-27
8640141,coles,Wet Ones Be Gentle Anti-bacterial Hand & Face Wipes,tissue,search,2026-04-27
8764450,coles,Bulk Handee Ultra Double Length Paper Towel,toilet_paper,search,2026-04-27
1145440,coles,Bulk Sorbent 3-ply Double Length White Toilet Paper,toilet_paper,search,2026-04-27
9152391,coles,Coles 3-ply So Soft & Strong White Double Length Toilet Paper,toilet_paper,search,2026-04-27
9152370,coles,Coles 3-ply So Soft & Strong White Toilet Paper,toilet_paper,search,2026-04-27
9161472,coles,Coles Simply 2-ply Paper Towel,toilet_paper,search,2026-04-27
9152405,coles,Coles Simply 2-ply White Toilet Paper,toilet_paper,search,2026-04-27
107208,coles,Delsey 1000 Sheets Toilet Roll,toilet_paper,search,2026-04-27
1619566,coles,Handee Thick & Large Paper Towel,toilet_paper,search,2026-04-27
5031045,coles,Handee Ultra Double Length Paper Towel Crisp White,toilet_paper,search,2026-04-27
7316589,coles,Handee Ultra Paper Towel,toilet_paper,search,2026-04-27
5294180,coles,Handee Ultra Paper Towels Crisp White,toilet_paper,search,2026-04-27
9546921,coles,Handee Ultra Paper Towels White,toilet_paper,search,2026-04-27
9102145,coles,Handee Ultra Triple Length Paper Towel,toilet_paper,search,2026-04-27
3798342,coles,Icare 100% Recycled Paper Towel,toilet_paper,search,2026-04-27
8685092,coles,Icare 100% Recycled Toilet Tissue,toilet_paper,search,2026-04-27
3517115,coles,Kleenex Complete Clean Double Length Toilet Paper,toilet_paper,search,2026-04-27
3064076,coles,Kleenex Complete Clean Toilet Paper,toilet_paper,search,2026-04-27
4792421,coles,Kleenex Complete Clean Value Pack,toilet_paper,search,2026-04-27
1619475,coles,Kleenex Family Soft Big Roll Toilet Paper,toilet_paper,search,2026-04-27
1619500,coles,Kleenex Quilts 4 Ply Toilet Paper,toilet_paper,search,2026-04-27
7758634,coles,Quilton 3 Ply Classic White Toilet Paper,toilet_paper,search,2026-04-27
9642980,coles,Quilton 3 Ply Double Length White Toilet Paper,toilet_paper,search,2026-04-27
5034000,coles,Quilton 3 Ply Floral Print Soft Double Length Toilet Paper,toilet_paper,search,2026-04-27
5034134,coles,Quilton 3 Ply Unscented White Toilet Paper,toilet_paper,search,2026-04-27
2244549,coles,Quilton 3 Ply White Toilet Paper,toilet_paper,search,2026-04-27
9800265,coles,Quilton 4 Ply White Gold Toilet Paper,toilet_paper,search,2026-04-27
7028030,coles,Quilton Gold 4ply Toilet Tissue,toilet_paper,search,2026-04-27
3055202,coles,Quilton King Size Gold 4 Ply Toilet Tissue,toilet_paper,search,2026-04-27
3055257,coles,Quilton White Toilet Tissue,toilet_paper,search,2026-04-27
1620044,coles,Smart Ass Recycled Toilet Paper Double Length,toilet_paper,search,2026-04-27
5865350,coles,Sorbent 3 Ply Hypo Allergenic Toilet Paper,toilet_paper,search,2026-04-27
1145428,coles,Sorbent 3 Ply Soft & Strong Silky White Toilet Paper,toilet_paper,search,2026-04-27
3974092,coles,Sorbent 3 Ply Soft & Strong Toilet Paper,toilet_paper,search,2026-04-27
9102054,coles,Sorbent 3-ply Ultra Air Toilet Paper,toilet_paper,search,2026-04-27
1619533,coles,Sorbent 4-ply Super Size Toilet Paper,toilet_paper,search,2026-04-27
5032605,coles,Sorbent Clean & Fresh Silky White Flushable Wipes Soft Pack,toilet_paper,search,2026-04-27
3974730,coles,Sorbent Hypo Allergenic Flushable Wipes Toilet Tissue,toilet_paper,search,2026-04-27
9102065,coles,Sorbent Intimate Flushable Toilet Wipes,toilet_paper,search,2026-04-27
2918256,coles,Viva Double Length Paper Towel,toilet_paper,search,2026-04-27
7489689,coles,Viva Paper Towel,toilet_paper,search,2026-04-27
2915338,coles,Viva Paper Towel Double Length White,toilet_paper,search,2026-04-27
3424251,coles,Viva Paper Towel White,toilet_paper,search,2026-04-27
9333523,coles,Viva Paper Towel White,toilet_paper,search,2026-04-27
5048219,coles,Viva Paper Towel White,toilet_paper,search,2026-04-27
377308,woolworths,Arnold's Farm Maple & Pecan Granola 700g,granola,search,2026-04-27
272603,woolworths,Carman's Granola Antioxidant Blueberry & Vanilla 425g,granola,search,2026-04-27
208879,woolworths,"Carman's Granola Grain Free Raspberry, Blueberry & Cranberry 400g",granola,search,2026-04-27
272313,woolworths,Carman's Granola Low Carb Peanut Butter 425g,granola,search,2026-04-27
208900,woolworths,Carman's Granola Protein Rich Almond & Hazelnut 450g,granola,search,2026-04-27
143191,woolworths,Carman's Granola Raspberry & Coconut Low Sugar 450g,granola,search,2026-04-27
6032780,woolworths,Carman's Light & Crispy Granola Honey & Roasted Nut 400g,granola,search,2026-04-27
6032680,woolworths,Carman's Light & Crispy Granola Raspberry & Vanilla 400g,granola,search,2026-04-27
6054590,woolworths,Carman's Protein Rich Granola Almond & Hazelnut 800g,granola,search,2026-04-27
6054581,woolworths,Carman's Sustained Energy Granola Crisp Apple & Honey 425g,granola,search,2026-04-27
85468,woolworths,Dorset Berry Granola 450g,granola,search,2026-04-27
85470,woolworths,Dorset Nut Granola 450g,granola,search,2026-04-27
935641,woolworths,Farmer Jo Granola Twice Baked Pistachio & Quinoa 400g,granola,search,2026-04-27
6031257,woolworths,Farmer Jo Matcha Granola Maple & Coconut 400g,granola,search,2026-04-27
440154,woolworths,Freedom Crafted Blends Blueberry Granola 400g,granola,search,2026-04-27
6067336,woolworths,Freedom Crafted Blends Protein Granola Apple Raspberry 360g,granola,search,2026-04-27
6067043,woolworths,Freedom Crafted Blends Protein Granola Honey Cashew 360g,granola,search,2026-04-27
420783,woolworths,Freedom Honey Nut Granola 400g,granola,search,2026-04-27
435816,woolworths,Freedom Maple & Almond Granola 400g,granola,search,2026-04-27
148981,woolworths,Hubbards Cocoa & Coconut Toasted Granola 450g,granola,search,2026-04-27
6054922,woolworths,Hubbards Protein Granola Honey & Macadamia 400g,granola,search,2026-04-27
150504,woolworths,Hubbards Raspberry  & Coconut Toasted Granola 450g,granola,search,2026-04-27
304776,woolworths,Irrewarra All Natural Granola Original 500G,granola,search,2026-04-27
686551,woolworths,Jordans Granola Low Sugar Almond Hazelnut 500g,granola,specific,2026-04-27
810344,woolworths,Jordans Granola Low Sugar Cherry Almond 500G,granola,search,2026-04-27
85598,woolworths,Jordans Low Sugar Granola Blueberry & Coconut 500g,granola,search,2026-04-27
6055344,woolworths,Jordans Low Sugar Granola Cashew & Raspberry 500g,granola,search,2026-04-27
609556,woolworths,Jordans Simply Crunchy Oat Granola Honey 750g,granola,search,2026-04-27
147307,woolworths,Jordans Simply Granola Crunchy Oat & Honey 1.5kg,granola,search,2026-04-27
6030841,woolworths,Kellogg's High Protein Granola Apple Crumble 450g,granola,search,2026-04-27
6031000,woolworths,Kellogg's High Protein Granola Forest Berries 450g,granola,search,2026-04-27
6029127,woolworths,Kellogg's High Protein Granola Honey Nut 450g,granola,search,2026-04-27
6056190,woolworths,Mayver's High Protein Granola Apple & Cinnamon 400g,granola,search,2026-04-27
6055743,woolworths,Mayver's High Protein Granola Caramelised Honey Oat 400g,granola,search,2026-04-27
6056180,woolworths,Mayver's High Protein Granola Mixed Berries 400g,granola,search,2026-04-27
243783,woolworths,Moo Greek Style Yoghurt & Granola Blueberry 170g,granola,search,2026-04-27
243895,woolworths,Moo Greek Style Yoghurt & Granola Honey 170g,granola,search,2026-04-27
243852,woolworths,Moo Greek Style Yoghurt & Granola Strawberry 170g,granola,search,2026-04-27
243822,woolworths,Moo Greek Style Yoghurt & Granola Vanilla Bean 170g,granola,search,2026-04-27
104537,woolworths,Nature Valley Crunchy Chocolate Chip Granola Bars 6 pack,granola,search,2026-04-27
175403,woolworths,Nature Valley Crunchy Family Variety Granola Bars 504g 12 pack,granola,search,2026-04-27
6054603,woolworths,Nature Valley Crunchy Granola Bars Roasted Almond 252g 6 pack,granola,search,2026-04-27
238059,woolworths,Nature Valley Crunchy Oats & Berries Granola Bars 6 Pack,granola,search,2026-04-27
53843,woolworths,Nature Valley Crunchy Oats & Honey Granola Bars 252g 6 pack,granola,search,2026-04-27
53852,woolworths,Nature Valley Crunchy Peanut Butter Granola Bars 42g x 6 pack,granola,search,2026-04-27
6054840,woolworths,Sam's Pantry Granola Maple & Pecan 700g,granola,search,2026-04-27
6054860,woolworths,Sam's Pantry Granola Pink Lady Apple & Cinnamon 700g,granola,search,2026-04-27
601574,woolworths,Sunsol Granola Almond Pink Lady Apple & Cinnamon 450g,granola,search,2026-04-27
6054597,woolworths,Sunsol High Protein Granola Choc Almond 450g,granola,specific,2026-04-27
603792,woolworths,Sunsol Wholegrain Granola Almond & Super Berry 450g,granola,search,2026-04-27
566256,woolworths,Sunsol Wholegrain Granola Chunky Nut 450g,granola,search,2026-04-27
225942,woolworths,Vogel's Low Carb Granola Apple Crumble & Cinnamon 360g,granola,search,2026-04-27
435447,woolworths,Vogel's Low Carb Granola Macadamia & Manuka Honey 360g,granola,search,2026-04-27
225360,woolworths,"Vogels Low Carb Granola Raspberry, Blueberry & Almond 360g",granola,search,2026-04-27
208083,woolworths,"We the many Prebiotic Granola With Green Banana, Fig & Almond 350g",granola,search,2026-04-27
70720,woolworths,Woolworths Plantitude Granola Cookies 5 pack,granola,search,2026-04-27
759496,woolworths,Essentials Facial Tissues 224 pack,tissue,search,2026-04-27
119221,woolworths,Kleenex Allergy Comfort 3 Ply Facial Tissues 85 Pack,tissue,search,2026-04-27
1475,woolworths,Kleenex Eucalyptus 3 Ply Facial Tissues 140 pack,tissue,search,2026-04-27
79492,woolworths,Kleenex Eucalyptus 3 Ply Facial Tissues 95 pack,tissue,search,2026-04-27
63899,woolworths,Kleenex Everyday 2 Ply Facial Tissues 200 pack,tissue,search,2026-04-27
193613,woolworths,Kleenex Everyday 2 Ply Facial Tissues 250 pack,tissue,search,2026-04-27
62777,woolworths,Kleenex Everyday Kids 2 Ply Facial Tissues 200 pack,tissue,search,2026-04-27
580718,woolworths,Kleenex Everyday On The Go Facial Tissues 60 pack,tissue,search,2026-04-27
172610,woolworths,Kleenex Large & Thick 3 Ply Facial Tissues 95 pack,tissue,search,2026-04-27
64373,woolworths,Kleenex Soft & Thick 3 Ply Facial Tissues 95 pack,tissue,search,2026-04-27
6006077,woolworths,Kleenex Ultimate 6ply Tissues 20 pack,tissue,search,2026-04-27
6006664,woolworths,Kleenex Ultimate 6ply Tissues 70 pack,tissue,search,2026-04-27
534743,woolworths,Kleenex Ultra Soft Tissues Pocket 6 pack,tissue,search,2026-04-27
644239,woolworths,Quilton 2Ply Tissue Hypo-Allergenic 250 pack,tissue,search,2026-04-27
318338,woolworths,Quilton Facial Tissue White 3Ply White 3Ply 55 pack,tissue,search,2026-04-27
644240,woolworths,Quilton Gold 4 Ply Tissues Aloe Vera 100 pack,tissue,search,2026-04-27
6059232,woolworths,Quilton Platinum 5Ply White Toilet Tissue 10 pack,tissue,search,2026-04-27
317491,woolworths,Sorbent Facial Tissues 4Ply Pocket 6 pack,tissue,search,2026-04-27
6055454,woolworths,Sorbent Facial Tissues Thick & Large White 95 pack,tissue,search,2026-04-27
29425,woolworths,Sorbent Facial Tissues Thick & Large White 95 pack,tissue,search,2026-04-27
6055337,woolworths,Sorbent Facial Tissues Thick & Large With Aloe Vera 95 pack,tissue,search,2026-04-27
6055353,woolworths,Sorbent Facial Tissues Ultra Soft 170 pack,tissue,search,2026-04-27
237230,woolworths,Sorbent Hypo-allergenic Pure White Tissues 170 Pack,tissue,search,2026-04-27
905464,woolworths,Sorbent Lotion Tissues 4 Ply 70 pack,tissue,search,2026-04-27
720282,woolworths,Sorbent Thick & Large Hypoallergenic Facial Tissues 95 pack,tissue,search,2026-04-27
183671,woolworths,Symphony Facial Tissues White 228Ss 3 pack,tissue,search,2026-04-27
121154,woolworths,Vevelle Aloe Vera Tissues 3Ply 95 pack,tissue,search,2026-04-27
443282,woolworths,Vevelle Double Length 3 Ply Toilet Tissue 8 pack,tissue,search,2026-04-27
972443,woolworths,Vevelle Facial Tissue 2ply 90 pack,tissue,search,2026-04-27
6056229,woolworths,Who Gives A Crap 3Ply Tissues Assorted 140 pack,tissue,search,2026-04-27
237935,woolworths,icare Everyday Facial Tissue 200 pack,tissue,search,2026-04-27
661654,woolworths,2025 Paper 4 Colour Diary 2025 Paper Colour Diary Assorted each,toilet_paper,search,2026-04-27
552526,woolworths,Air Wick VIPoo Fruity Pin Up Toilet Spray 55mL,toilet_paper,search,2026-04-27
6024783,woolworths,Armada Australia Day Paper Cups Flag Design 10 pack,toilet_paper,search,2026-04-27
6024784,woolworths,Armada Australia Day Paper Plates Flag Design 10 pack,toilet_paper,search,2026-04-27
252787,woolworths,Armada Baking Paper 15m,toilet_paper,search,2026-04-27
819751,woolworths,Armada Baking Paper 50m each,toilet_paper,search,2026-04-27
39680,woolworths,Armada Brown Paper Lunch Bags 100 pack,toilet_paper,search,2026-04-27
263351,woolworths,Armada Evergreen Compostable Baking Paper 30cm x 15 Metres each,toilet_paper,search,2026-04-27
132413,woolworths,Armada Extra Wide Baking Paper 20m each,toilet_paper,search,2026-04-27
96901,woolworths,Armada Jumbo Paper Straws Assorted 20 pack,toilet_paper,search,2026-04-27
221702,woolworths,Armada Paper Bowl Metallic Assorted 10 Pack,toilet_paper,search,2026-04-27
806075,woolworths,Armada Paper Bowls Assorted 10 pack,toilet_paper,search,2026-04-27
221478,woolworths,Armada Paper Bowls Blue Watercolour 10 Pack,toilet_paper,search,2026-04-27
806115,woolworths,Armada Paper Bowls Circle Pattern 10 pack,toilet_paper,search,2026-04-27
6017848,woolworths,Armada Paper Bowls Circus 10 pack,toilet_paper,search,2026-04-27
806046,woolworths,Armada Paper Bowls Coloured Assorted 20 pack,toilet_paper,search,2026-04-27
806100,woolworths,Armada Paper Bowls Leaf Pattern 10 pack,toilet_paper,search,2026-04-27
221710,woolworths,Armada Paper Bowls Leaves 10 Pack,toilet_paper,search,2026-04-27
221676,woolworths,Armada Paper Bowls Princess 10 Pack,toilet_paper,search,2026-04-27
221348,woolworths,Armada Paper Bowls Sharks 10 Pack,toilet_paper,search,2026-04-27
805761,woolworths,Armada Paper Bowls White 50 pack,toilet_paper,search,2026-04-27
221697,woolworths,Armada Paper College Cups 20 pack,toilet_paper,search,2026-04-27
221694,woolworths,Armada Paper Cups 40mls 50 pack,toilet_paper,search,2026-04-27
806044,woolworths,Armada Paper Cups 60 pack,toilet_paper,search,2026-04-27
806076,woolworths,Armada Paper Cups Assorted 10 pack,toilet_paper,search,2026-04-27
6024787,woolworths,Armada Paper Cups Australian Animals 10 pack,toilet_paper,search,2026-04-27
6024786,woolworths,Armada Paper Cups Australian Flora 10 pack,toilet_paper,search,2026-04-27
6025182,woolworths,Armada Paper Cups Australian Icons 10 pack,toilet_paper,search,2026-04-27
221479,woolworths,Armada Paper Cups Blue Watercolour 10 Pack,toilet_paper,search,2026-04-27
6017849,woolworths,Armada Paper Cups Circus 10 pack,toilet_paper,search,2026-04-27
221700,woolworths,Armada Paper Cups Coloured Assorted 20 Pack,toilet_paper,search,2026-04-27
806120,woolworths,Armada Paper Cups Dino 10 pack,toilet_paper,search,2026-04-27
221703,woolworths,Armada Paper Cups Metallic Assorted 10 Pack,toilet_paper,search,2026-04-27
221590,woolworths,Armada Paper Cups Princess 10 Pack,toilet_paper,search,2026-04-27
806125,woolworths,Armada Paper Cups Unicorn 10 pack,toilet_paper,search,2026-04-27
806119,woolworths,Armada Paper Ice Cream Cups Dino 10 pack,toilet_paper,search,2026-04-27
806124,woolworths,Armada Paper Ice Cream Cups Unicorn 10 pack,toilet_paper,search,2026-04-27
6024782,woolworths,Armada Paper Plates Australian Animals 10 pack,toilet_paper,search,2026-04-27
6024780,woolworths,Armada Paper Plates Australian Flora 10 pack,toilet_paper,search,2026-04-27
221481,woolworths,Armada Paper Plates Blue Watercolour 10 Pack,toilet_paper,search,2026-04-27
169318,woolworths,Armada Paper Plates Coloured 20 Pack,toilet_paper,search,2026-04-27
806048,woolworths,Armada Paper Plates Coloured Assorted 20 pack,toilet_paper,search,2026-04-27
806118,woolworths,Armada Paper Plates Dino 10 pack,toilet_paper,search,2026-04-27
6017852,woolworths,Armada Paper Plates Fairy 10 pack,toilet_paper,search,2026-04-27
806079,woolworths,Armada Paper Plates Leaf Pattern 10 pack,toilet_paper,search,2026-04-27
222575,woolworths,Armada Paper Plates Metallic Assorted 10 Pack,toilet_paper,search,2026-04-27
221591,woolworths,Armada Paper Plates Princess 10 Pack,toilet_paper,search,2026-04-27
221347,woolworths,Armada Paper Plates Sharks 10 Pack,toilet_paper,search,2026-04-27
806123,woolworths,Armada Paper Plates Unicorn 10 pack,toilet_paper,search,2026-04-27
806129,woolworths,Armada Paper Plates White 50 pack,toilet_paper,search,2026-04-27
169319,woolworths,Armada Paper Side Plates Coloured 20 Pack,toilet_paper,search,2026-04-27
806077,woolworths,Armada Paper Straws Assorted 20 pack,toilet_paper,search,2026-04-27
6017851,woolworths,Armada Paper Straws Circus 20 pack,toilet_paper,search,2026-04-27
806122,woolworths,Armada Paper Straws Dino 10 pack,toilet_paper,search,2026-04-27
221672,woolworths,Armada Paper Straws Multicolour 20 Pack,toilet_paper,search,2026-04-27
221346,woolworths,Armada Paper Straws Multicolour 20 Pack,toilet_paper,search,2026-04-27
698042,woolworths,Armada Paper Straws Striped 100 pack,toilet_paper,search,2026-04-27
806073,woolworths,Armada Paper Straws White 30 pack,toilet_paper,search,2026-04-27
6017857,woolworths,Armada Premium Paper Straws Floral 20 pack,toilet_paper,search,2026-04-27
6031910,woolworths,BioPak Art Series Paper Cups 280mL 10 pack,toilet_paper,search,2026-04-27
161524,woolworths,BioPak Lunch Paper Napkins 100 pack,toilet_paper,search,2026-04-27
304005,woolworths,BioPak Paper Cocktail Straws Paper Straws 40 pack,toilet_paper,search,2026-04-27
212551,woolworths,Biopak Cold Paper Cups 510ml Large 510ml 20 Pack,toilet_paper,search,2026-04-27
903645,woolworths,Bonds Whoopsies Toilet Training Undies Size 1 Assorted each,toilet_paper,search,2026-04-27
903632,woolworths,Bonds Whoopsies Toilet Training Undies Size 4 Assorted each,toilet_paper,search,2026-04-27
626508,woolworths,Bonds Whoopsies Toilet Training Undies Wiggles Boys Size 2 each,toilet_paper,search,2026-04-27
627302,woolworths,Bonds Whoopsies Toilet Training Undies Wiggles Boys Size 3 each,toilet_paper,search,2026-04-27
627650,woolworths,Bonds Whoopsies Toilet Training Undies Wiggles Girls Size 2 each,toilet_paper,search,2026-04-27
624278,woolworths,Bonds Whoopsies Toilet Training Undies Wiggles Girls Size 3 each,toilet_paper,search,2026-04-27
53329,woolworths,Breeders Choice Paper Cat Litter 15L,toilet_paper,search,2026-04-27
183885,woolworths,Breeders Choice Paper Cat Litter 24L,toilet_paper,search,2026-04-27
624144,woolworths,Bref Blue Active Eucalyptus Toilet Cleaner Block 50g,toilet_paper,search,2026-04-27
134075,woolworths,Bref Blue Active Eucalyptus Toilet Cleaner Block 50g x 2 pack,toilet_paper,search,2026-04-27
141468,woolworths,Bref Blue Active Eucalyptus Toilet Cleaner Block 50g x 3 pack,toilet_paper,search,2026-04-27
266008,woolworths,Bref Blue Active Flower Blossom Toilet Cleaner Block 50g x 3 pack,toilet_paper,search,2026-04-27
805171,woolworths,Bref Blue Active Flower Toilet Cleaner Block 50g x 2 pack,toilet_paper,search,2026-04-27
905318,woolworths,Bref Brilliant Gel Alpine Lake Toilet Cleaner Block 42g,toilet_paper,search,2026-04-27
150502,woolworths,Bref Brilliant Gel Arctic Ocean Toilet Cleaner Block 42g,toilet_paper,search,2026-04-27
905482,woolworths,Bref Brilliant Gel Arctic Ocean Toilet Cleaner Block 42g x 2 pack,toilet_paper,search,2026-04-27
150501,woolworths,Bref Brilliant Gel Spring Rain Toilet Cleaner Block 42g,toilet_paper,search,2026-04-27
95186,woolworths,Bref Deluxe Delicate Magnolia Toilet Cleaner Block 50g x 2 pack,toilet_paper,search,2026-04-27
230867,woolworths,Bref Deluxe Gel Lovely Jasmine Toilet Cleaner 600mL,toilet_paper,search,2026-04-27
92702,woolworths,Bref Deluxe Lovely Jasmine Toilet Cleaner Block 50g,toilet_paper,search,2026-04-27
164563,woolworths,Bref Deluxe Lovely Jasmine Toilet Cleaner Block 50g x 2 pack,toilet_paper,search,2026-04-27
232002,woolworths,Bref Deluxe Lovely Jasmine Toilet Cleaner Block 50g x 3 pack,toilet_paper,search,2026-04-27
26907,woolworths,Bref Duo Active Toilet Cleaner Block Liquid Lemon 1 pack,toilet_paper,search,2026-04-27
463969,woolworths,Bref Duo Cubes Blue Water Ocean Toilet Cleaner In Tank Block 50g x 2 pack,toilet_paper,search,2026-04-27
660923,woolworths,Bref Duo Cubes Clear Water Flower Toilet Cleaner In Tank Block 50g x 2 pack,toilet_paper,search,2026-04-27
215237,woolworths,Bref Power Active Eucalyptus Toilet Cleaner Gel 700mL,toilet_paper,search,2026-04-27
558261,woolworths,Bref Power Active Flower Toilet Cleaner Block 50g,toilet_paper,search,2026-04-27
215238,woolworths,Bref Power Active Flower Toilet Cleaner Gel 700mL,toilet_paper,search,2026-04-27
232302,woolworths,Bref Power Active Hawaii Toilet Cleaner Block 50g x 2 pack,toilet_paper,search,2026-04-27
113415,woolworths,Bref Power Active Juicy Lemon Toilet Cleaner Block 50g x 3 pack,toilet_paper,search,2026-04-27
6033728,woolworths,Bref Power Active Juicy Pine Toilet Cleaner Block 50g,toilet_paper,search,2026-04-27
463854,woolworths,Bref Power Active Lemon Toilet Cleaner Block 50g,toilet_paper,search,2026-04-27
26919,woolworths,Bref Power Active Ocean Toilet Cleaner Block 50g x 2 pack,toilet_paper,search,2026-04-27
686983,woolworths,Bref Power Active Toilet Cleaner Block Hawaii 1 pack,toilet_paper,search,2026-04-27
624145,woolworths,Bref Power Active Toilet Cleaner Fresh Flowers 2 Pack,toilet_paper,search,2026-04-27
686985,woolworths,Bref Purple Active Lavender Toilet Cleaner Block 50g,toilet_paper,search,2026-04-27
94249,woolworths,Bref Scent Switch Toilet Cleaner Block Apple & Water Lily,toilet_paper,search,2026-04-27
277788,woolworths,Bref Spa Moments Harmony Toilet Cleaner Block 50g,toilet_paper,search,2026-04-27
320688,woolworths,Bref Spa Moments Harmony Toilet Cleaner Block 50g x 2 pack,toilet_paper,search,2026-04-27
321446,woolworths,Bref Spa Moments Vitality Toilet Cleaner Block 50g x 2 pack,toilet_paper,search,2026-04-27
686984,woolworths,Bref Turquoise Active Ocean Toilet Cleaner Block 50g,toilet_paper,search,2026-04-27
215240,woolworths,Bref Ultra Bleach Power Citrus Toilet Cleaner Gel 600mL,toilet_paper,search,2026-04-27
7799,woolworths,Brown Kraft Paper Craft Roll 10M each,toilet_paper,search,2026-04-27
66847,woolworths,Chern'ee Christmas Paper Gift Bag Green each,toilet_paper,search,2026-04-27
962010,woolworths,Chern'ee Christmas Paper Gift Bag Pink each,toilet_paper,search,2026-04-27
688306,woolworths,Christmas Celestial Paper Bauble Blue each,toilet_paper,search,2026-04-27
688308,woolworths,Christmas Celestial Paper Bauble Diamond Blue each,toilet_paper,search,2026-04-27
688309,woolworths,Christmas Celestial Paper Bauble Diamond Purple each,toilet_paper,search,2026-04-27
6029501,woolworths,Christmas Cello Wrapping Paper 5m each,toilet_paper,search,2026-04-27
688442,woolworths,Christmas Kraft Wrapping Paper Roll 5m Baubles each,toilet_paper,search,2026-04-27
688445,woolworths,Christmas Kraft Wrapping Paper Roll 5m Leaf each,toilet_paper,search,2026-04-27
688446,woolworths,Christmas Kraft Wrapping Paper Roll 5m Reindeer each,toilet_paper,search,2026-04-27
688447,woolworths,Christmas Kraft Wrapping Paper Roll 5m Santa & Reindeer each,toilet_paper,search,2026-04-27
688443,woolworths,Christmas Kraft Wrapping Paper Roll 5m Stars each,toilet_paper,search,2026-04-27
688444,woolworths,Christmas Kraft Wrapping Paper Roll 5m Trees each,toilet_paper,search,2026-04-27
688450,woolworths,Christmas Love Proudly Wrapping Paper Roll 4m each,toilet_paper,search,2026-04-27
688451,woolworths,Christmas Love Proudly Wrapping Paper Roll 4m each,toilet_paper,search,2026-04-27
688172,woolworths,Christmas Paper Shred Red & Green each,toilet_paper,search,2026-04-27
688174,woolworths,Christmas Paper Shred Silver each,toilet_paper,search,2026-04-27
6019983,woolworths,Christmas Paper Straws 50 pack,toilet_paper,search,2026-04-27
694305,woolworths,Christmas Paper Wrapping Tape 5 pack,toilet_paper,search,2026-04-27
688165,woolworths,Christmas Wrapping Paper 4m Winnie The Pooh each,toilet_paper,search,2026-04-27
6018372,woolworths,Christmas Wrapping Paper 5m Character each,toilet_paper,search,2026-04-27
6018388,woolworths,Christmas Wrapping Paper 5m Foilege each,toilet_paper,search,2026-04-27
6018390,woolworths,Christmas Wrapping Paper 5m Gingerbread each,toilet_paper,search,2026-04-27
6018373,woolworths,Christmas Wrapping Paper 5m Gold each,toilet_paper,search,2026-04-27
6018376,woolworths,Christmas Wrapping Paper 5m Kraft Look each,toilet_paper,search,2026-04-27
6018377,woolworths,Christmas Wrapping Paper 5m Navy each,toilet_paper,search,2026-04-27
6018374,woolworths,Christmas Wrapping Paper 5m Red each,toilet_paper,search,2026-04-27
6018392,woolworths,Christmas Wrapping Paper 5m Stripe each,toilet_paper,search,2026-04-27
6018391,woolworths,Christmas Wrapping Paper 5m Tear Star each,toilet_paper,search,2026-04-27
6018375,woolworths,Christmas Wrapping Paper 5m Text each,toilet_paper,search,2026-04-27
6018380,woolworths,Christmas Wrapping Paper 70cm x 12m Blue each,toilet_paper,search,2026-04-27
6018379,woolworths,Christmas Wrapping Paper 70cm x 12m Character each,toilet_paper,search,2026-04-27
6018378,woolworths,Christmas Wrapping Paper 70cm x 12m Gold each,toilet_paper,search,2026-04-27
6018382,woolworths,Christmas Wrapping Paper 70cm x 12m Red each,toilet_paper,search,2026-04-27
700309,woolworths,Christmas Wrapping Paper Cutter each,toilet_paper,search,2026-04-27
688427,woolworths,Christmas Wrapping Paper Roll 12m Gifts & Stockings each,toilet_paper,search,2026-04-27
688420,woolworths,Christmas Wrapping Paper Roll 12m Gold each,toilet_paper,search,2026-04-27
688415,woolworths,Christmas Wrapping Paper Roll 12m Navy each,toilet_paper,search,2026-04-27
688412,woolworths,Christmas Wrapping Paper Roll 12m Red Wishes each,toilet_paper,search,2026-04-27
688429,woolworths,Christmas Wrapping Paper Roll 12m Santa & Reindeer each,toilet_paper,search,2026-04-27
688428,woolworths,Christmas Wrapping Paper Roll 12m Santa & Trees each,toilet_paper,search,2026-04-27
688416,woolworths,Christmas Wrapping Paper Roll 12m Trees each,toilet_paper,search,2026-04-27
688399,woolworths,Christmas Wrapping Paper Roll 3m Characters 3 pack,toilet_paper,search,2026-04-27
688397,woolworths,Christmas Wrapping Paper Roll 3m Gold & Silver 3 pack,toilet_paper,search,2026-04-27
688398,woolworths,Christmas Wrapping Paper Roll 3m Green & Red 3 pack,toilet_paper,search,2026-04-27
688449,woolworths,Christmas Wrapping Paper Roll 3m Kraft Pattern 3 pack,toilet_paper,search,2026-04-27
688170,woolworths,Christmas Wrapping Paper Roll 4m Disney Frozen each,toilet_paper,search,2026-04-27
688171,woolworths,Christmas Wrapping Paper Roll 4m Disney Princess each,toilet_paper,search,2026-04-27
688169,woolworths,Christmas Wrapping Paper Roll 4m Mickey 'n Friends each,toilet_paper,search,2026-04-27
688164,woolworths,Christmas Wrapping Paper Roll 4m Spiderman each,toilet_paper,search,2026-04-27
688167,woolworths,Christmas Wrapping Paper Roll 4m Star Wars Grogu each,toilet_paper,search,2026-04-27
688387,woolworths,Christmas Wrapping Paper Roll 5m Gold Seasons Greetings each,toilet_paper,search,2026-04-27
688338,woolworths,Christmas Wrapping Paper Roll 5m Navy Stars each,toilet_paper,search,2026-04-27
688389,woolworths,Christmas Wrapping Paper Roll 5m Nutcracker each,toilet_paper,search,2026-04-27
688386,woolworths,Christmas Wrapping Paper Roll 5m Red Holly Jolly each,toilet_paper,search,2026-04-27
688384,woolworths,Christmas Wrapping Paper Roll 5m Santa & Reindeer each,toilet_paper,search,2026-04-27
228942,woolworths,Deeko Bendable Paper Straws 40 pack,toilet_paper,search,2026-04-27
230108,woolworths,Deeko Paper Cups Assorted 15 pack,toilet_paper,search,2026-04-27
908378,woolworths,Domestos Power Foam Toilet & Bathroom Spray Cleaner Arctic Fresh 450mL,toilet_paper,search,2026-04-27
6032770,woolworths,Duck Action Burst Toilet Bowl Cleaner Cosmic Peach 500mL,toilet_paper,search,2026-04-27
6032520,woolworths,Duck Action Burst Toilet Bowl Cleaner Tropical Vibes 500mL,toilet_paper,search,2026-04-27
805480,woolworths,Duck Deep Action Gel Toilet Cleaner Citrus 750mL,toilet_paper,search,2026-04-27
805633,woolworths,Duck Deep Action Gel Toilet Cleaner Lavender 750mL,toilet_paper,search,2026-04-27
805847,woolworths,Duck Deep Action Gel Toilet Cleaner Limited Edition 750mL,toilet_paper,search,2026-04-27
805484,woolworths,Duck Deep Action Gel Toilet Cleaner Pine 750mL,toilet_paper,search,2026-04-27
21633,woolworths,Duck Extra Power Toilet Shield Gel Ocean Burst 500mL,toilet_paper,search,2026-04-27
55669,woolworths,"Duck Extra Power Toilet Shield, Gel Toilet Cleaner Cool Fresh 500mL",toilet_paper,search,2026-04-27
805636,woolworths,Duck Foaming Bleach Gel Toilet Cleaner Marine 750mL,toilet_paper,search,2026-04-27
907486,woolworths,Duck Fresh Discs Plus Toilet Cleaner Apple Mint 36mL,toilet_paper,search,2026-04-27
622961,woolworths,Duck Fresh Discs Toilet Cleaner Citrus 36mL,toilet_paper,search,2026-04-27
700497,woolworths,Duck Fresh Discs Toilet Cleaner Citrus Twin Refills 36mL x 2 pack,toilet_paper,search,2026-04-27
622975,woolworths,Duck Fresh Discs Toilet Cleaner Lavender 36mL,toilet_paper,search,2026-04-27
786051,woolworths,Duck Fresh Discs Toilet Cleaner Lavender Refill 36ml x 2 Pack,toilet_paper,search,2026-04-27
692484,woolworths,Duck Fresh Discs Toilet Cleaner Limited Edition 36mL,toilet_paper,search,2026-04-27
257296,woolworths,Duck Liquid Rim Block Toilet Cleaner Marine 50mL,toilet_paper,search,2026-04-27
257299,woolworths,Duck Liquid Rim Block Toilet Cleaner Marine Twin Refill 50mL x 2 pack,toilet_paper,search,2026-04-27
692482,woolworths,Duck Toilet Cleaner Active Foam Limited Edition Rim Block 38.6g,toilet_paper,search,2026-04-27
22452,woolworths,Duck Toilet Cleaner Block Blue Plus Marine 40g,toilet_paper,search,2026-04-27
692475,woolworths,"Duck Toilet Cleaner, Active Foam Marine Toilet Rim Block 38.6G",toilet_paper,search,2026-04-27
22455,woolworths,"Duck Toilet Cleaner, Blue Solid Tolet Rim Block Twin Refills 40g x 2 pack",toilet_paper,search,2026-04-27
305889,woolworths,Dymo LetraTag Paper Tape 12mm x 4M White 2 pack,toilet_paper,search,2026-04-27
250305,woolworths,Earth Choice Toilet Cleaner Liquid Aqua 750mL,toilet_paper,search,2026-04-27
76850,woolworths,Easter Hanging Paper Honeycomb Decoration Easter Bunnies 2 pack,toilet_paper,search,2026-04-27
6042604,woolworths,Easter Paper Bucket Bunnies each,toilet_paper,search,2026-04-27
389199,woolworths,Easter Paper Bucket Bunny,toilet_paper,search,2026-04-27
6042605,woolworths,Easter Paper Bucket Characters each,toilet_paper,search,2026-04-27
389200,woolworths,Easter Paper Bucket Eggs,toilet_paper,search,2026-04-27
389198,woolworths,Easter Paper Bucket Flowers,toilet_paper,search,2026-04-27
6042603,woolworths,Easter Paper Bucket Watercolour each,toilet_paper,search,2026-04-27
973186,woolworths,Easter Paper Egg Hunting Bucket With Eggs each,toilet_paper,search,2026-04-27
973184,woolworths,Easter Paper Egg Hunting Bucket With Happy Easter each,toilet_paper,search,2026-04-27
973185,woolworths,Easter Paper Egg Hunting Bucket With Watercolour Bunny each,toilet_paper,search,2026-04-27
388458,woolworths,Easter Paper Plates,toilet_paper,search,2026-04-27
6046223,woolworths,Easter Paper Plates Blue 8 pack,toilet_paper,search,2026-04-27
52703,woolworths,Easter Paper Plates Bunny Design 8 pack,toilet_paper,search,2026-04-27
71774,woolworths,Easter Paper Shreds Bag Green each,toilet_paper,search,2026-04-27
70840,woolworths,Easter Paper Shreds Bag Multi Coloured each,toilet_paper,search,2026-04-27
70837,woolworths,Easter Paper Shreds Bag Pink each,toilet_paper,search,2026-04-27
78314,woolworths,Ecostore Antibacterial Toilet Cleaner Eucalyptus 500mL,toilet_paper,search,2026-04-27
169342,woolworths,Essentials Paper Bowls 50 Pack,toilet_paper,search,2026-04-27
221696,woolworths,Essentials Paper Cups 60 Pack,toilet_paper,search,2026-04-27
792032,woolworths,Essentials Paper Side Uncoated 20 Pack,toilet_paper,search,2026-04-27
96900,woolworths,Essentials Paper Straws White 30 Pack,toilet_paper,search,2026-04-27
6005360,woolworths,Foodbank 3 Ply Toilet Paper 20 pack,toilet_paper,specific,2026-04-27
177490,woolworths,Geelong Brush Bathroom Rim Toilet Set each,toilet_paper,search,2026-04-27
20462,woolworths,Geelong Brush Toilet Tidy Set Toilet Tidy Set each,toilet_paper,search,2026-04-27
160981,woolworths,Glad Bake & Cooking Paper 40m each,toilet_paper,search,2026-04-27
159290,woolworths,Glad Bake & Cooking Paper 5m each,toilet_paper,search,2026-04-27
299138,woolworths,Glad Baking Paper 25m,toilet_paper,search,2026-04-27
159217,woolworths,Glad To Be Green Compostable Brown Bake & Cooking Paper 25m,toilet_paper,search,2026-04-27
100078,woolworths,Glad To Be Green Compostable Brown Bake Paper 15m x 30cm each,toilet_paper,search,2026-04-27
6010285,woolworths,Halloween Disposable Paper Cups Character 8 pack,toilet_paper,search,2026-04-27
6010289,woolworths,Halloween Disposable Paper Plates Spider 8 pack,toilet_paper,search,2026-04-27
551353,woolworths,Halloween Paper Garland Characters each,toilet_paper,search,2026-04-27
6011509,woolworths,Halloween Paper Garland Decoration Characters 2m each,toilet_paper,search,2026-04-27
6011551,woolworths,Halloween Skeleton Large Paper Hanging Decoration 2 pack,toilet_paper,search,2026-04-27
881036,woolworths,Handee Pro Double Length Paper Towels 2 pack,toilet_paper,search,2026-04-27
752113,woolworths,Handee Ultra Double Length Paper Towel 3 x 120 pack,toilet_paper,search,2026-04-27
149635,woolworths,Handee Ultra Double Length Paper Towel 4 x 120 pack,toilet_paper,search,2026-04-27
212842,woolworths,Handee Ultra Double Length White Paper Towel 2 x 120 pack,toilet_paper,search,2026-04-27
252037,woolworths,Handee Ultra Paper Towel 2 Ply 180 Sheets 3 x 60 pack,toilet_paper,search,2026-04-27
873596,woolworths,Handee Ultra Paper Towel 6 x 60 pack,toilet_paper,search,2026-04-27
880225,woolworths,Handee Ultra Triple Length Paper Towel 2 x 180 pack,toilet_paper,search,2026-04-27
19787,woolworths,Handee Ultra White Paper Towel White 120 Sheets 2 x 60 pack,toilet_paper,search,2026-04-27
689201,woolworths,Harpic Blue Power Atlantic Burst Toilet Cleaner Block 2 pack,toilet_paper,search,2026-04-27
165304,woolworths,Harpic Blue Power Atlantic Burst Toilet Cleaner Block each,toilet_paper,search,2026-04-27
22782,woolworths,Harpic Blue Power Floral Sensations Toilet Cleaner Block each,toilet_paper,search,2026-04-27
92400,woolworths,Harpic Eco Fresh Eucalyptus Toilet Cleaner Block 2 pack,toilet_paper,search,2026-04-27
32112,woolworths,Harpic Foaming Blue Toilet Cleaner Block 114g x 2 pack,toilet_paper,search,2026-04-27
232083,woolworths,Harpic Fresh Power Coconut & Sea Salt Toilet Cleaner Block 2 pack,toilet_paper,search,2026-04-27
622215,woolworths,Harpic Fresh Power Marine Splash Toilet Cleaner 700mL,toilet_paper,search,2026-04-27
622351,woolworths,Harpic Fresh Power Marine Splash Toilet Cleaner Block 1 Pack,toilet_paper,search,2026-04-27
322688,woolworths,Harpic Fresh Power Rose Caged Toilet Cleaner Block 2 pack,toilet_paper,search,2026-04-27
666210,woolworths,Harpic Fresh Power Sparkling Citrus Toilet Cleaner 700mL,toilet_paper,search,2026-04-27
630968,woolworths,Harpic Fresh Power Summer Breeze Toilet Cleaner Block 1 Pack,toilet_paper,search,2026-04-27
906308,woolworths,Harpic Fresh Power Toilet Cleaning Tabs Mountain Pine 6 pack,toilet_paper,search,2026-04-27
689202,woolworths,Harpic Fresh Power Tropical Blossom Toilet Cleaner Block 2 pack,toilet_paper,search,2026-04-27
622350,woolworths,Harpic Fresh Power Tropical Blossom Toilet Cleaner Block each,toilet_paper,search,2026-04-27
90730,woolworths,Harpic Germ Fighting Bleach Toilet Cleaner Block 2 Pack,toilet_paper,search,2026-04-27
906430,woolworths,Harpic Hygenic & Fresh Sticker Adhesive Toilet Block Citrus 2 pack,toilet_paper,search,2026-04-27
907275,woolworths,Harpic Hygenic & Fresh Sticker Adhesive Toilet Block Lily 2 pack,toilet_paper,search,2026-04-27
907208,woolworths,Harpic Hygenic & Fresh Sticker Adhesive Toilet Block Marine 2 pack,toilet_paper,search,2026-04-27
31952,woolworths,Harpic Oxy Action Toilet Cleaner Bleach Crystals 750g,toilet_paper,search,2026-04-27
322495,woolworths,Harpic Power Plus Marine Explosion Toilet Cleaner 700mL,toilet_paper,search,2026-04-27
699977,woolworths,Harpic Turquoise Power Tropical Lagoon Toilet Cleaner Block each,toilet_paper,search,2026-04-27
250481,woolworths,Harpic White & Shine Fresh Toilet Cleaner 450mL,toilet_paper,search,2026-04-27
162030,woolworths,Harpic White & Shine Lime Bleach Toilet Cleaner Block,toilet_paper,search,2026-04-27
42312,woolworths,Harris Filter Papers 10-12 Cup 40 pack,toilet_paper,search,2026-04-27
13690,woolworths,Inspire Ceramic Toilet Brush Holder each,toilet_paper,search,2026-04-27
6019847,woolworths,Inspire Toilet Brush Holder each,toilet_paper,search,2026-04-27
464665,woolworths,Kleenex CleanRipple Toilet Tissue White 18 pack,toilet_paper,search,2026-04-27
722,woolworths,Kleenex Complete Clean Double Length Toilet Paper 12 pack,toilet_paper,search,2026-04-27
12407,woolworths,Kleenex Complete Clean Double Length Toilet Paper 4 pack,toilet_paper,search,2026-04-27
679037,woolworths,Kleenex Complete Clean Toilet Paper 9 pack,toilet_paper,search,2026-04-27
580263,woolworths,Kleenex Complete Clean White Toilet Paper 24 pack,toilet_paper,specific,2026-04-27
104253,woolworths,Kleenex Double Length Toilet Paper 18 pack,toilet_paper,search,2026-04-27
503965,woolworths,Kleenex Luxury Quilts 3 Ply Toilet Paper 6 pack,toilet_paper,search,2026-04-27
508853,woolworths,Kleenex Luxury Quilts Toilet Tissue 3 Ply White 150 Sheets 12 Pack,toilet_paper,search,2026-04-27
254715,woolworths,Kodak Photo Paper Gloss 4X6 60 pack,toilet_paper,search,2026-04-27
545973,woolworths,Mirabella 18cm Hanging Paper Ghost Skull 2 pack,toilet_paper,search,2026-04-27
545972,woolworths,Mirabella 18cm Hanging Paper Pumpkin 2 pack,toilet_paper,search,2026-04-27
389031,woolworths,Mirabella Easter 26cm Paper Hanging Purple & Green Bunnies,toilet_paper,search,2026-04-27
389073,woolworths,Mirabella Easter 30cm Paper Blue Bunny,toilet_paper,search,2026-04-27
389072,woolworths,Mirabella Easter 30cm Paper Pink Bunny,toilet_paper,search,2026-04-27
545977,woolworths,Mirabella Halloween Hanging Paper Cat Lantern Light each,toilet_paper,search,2026-04-27
545975,woolworths,Mirabella Halloween Hanging Paper Pumpkin Lantern Light each,toilet_paper,search,2026-04-27
6044636,woolworths,Mirabella Hanging Paper Honeycomb Decoration Carrots 2 pack,toilet_paper,search,2026-04-27
6044635,woolworths,Mirabella Hanging Paper Honeycomb Decoration Easter Bunnies 2 pack,toilet_paper,search,2026-04-27
6029743,woolworths,Mirabella NYE Light up Paper Lantern Battery Operated each,toilet_paper,search,2026-04-27
6029751,woolworths,Mirabella NYE Paper Cups 10 pack,toilet_paper,search,2026-04-27
6029750,woolworths,Mirabella NYE Paper Plates 10 pack,toilet_paper,search,2026-04-27
6029752,woolworths,Mirabella NYE Paper Shot Cups 20 pack,toilet_paper,search,2026-04-27
684221,woolworths,Mirabella Paper Christmas Tree 30cm Red each,toilet_paper,search,2026-04-27
6018920,woolworths,Mirabella Paper Christmas Tree Green Decoration each,toilet_paper,search,2026-04-27
6018919,woolworths,Mirabella Paper Christmas Tree Red Decoration each,toilet_paper,search,2026-04-27
918804,woolworths,Mirabella Paper Heart Decoration 2 pack,toilet_paper,search,2026-04-27
918802,woolworths,Mirabella Valentine's Day 1.5m Paper Heart Bunting each,toilet_paper,search,2026-04-27
6037016,woolworths,Mirabella Valentine's Day Hanging Paper Heart Decoration 2 pack,toilet_paper,search,2026-04-27
260479,woolworths,Naturale 100% Recycled 2 Ply Paper Towel 2 x 35 pack,toilet_paper,search,2026-04-27
173155,woolworths,Naturale 100% Recycled 3 Ply Toilet Tissue 12 pack,toilet_paper,search,2026-04-27
582990,woolworths,No Issues Bamboo Toilet Paper 275 Sheets 6 pack,toilet_paper,search,2026-04-27
744207,woolworths,Pandaroo Vietnamese Style Rice Paper Roll Dipping Sauce 270mL,toilet_paper,search,2026-04-27
108769,woolworths,Paper Birds Rose 750mL,toilet_paper,search,2026-04-27
109133,woolworths,Paper Birds Semillon Sauvignon Blanc 750mL,toilet_paper,search,2026-04-27
239954,woolworths,Paper Mate Ballpoint Pen Reliable Writing 10 pack,toilet_paper,search,2026-04-27
910291,woolworths,Paper Mate ComfortMate Ultra 0.7mm Pencils With Lead & Erasers 2 pack,toilet_paper,search,2026-04-27
6056554,woolworths,Paper Mate Flair Medium Felt Tip Pens 24 pack,toilet_paper,search,2026-04-27
239509,woolworths,Paper Mate Flair Metallic Pens 4 Pack,toilet_paper,search,2026-04-27
239179,woolworths,Paper Mate Flair Scented Pens 12 pack,toilet_paper,search,2026-04-27
240072,woolworths,Paper Mate Ink Joy Ballpoint Pens Assorted Colours 10 Pack,toilet_paper,search,2026-04-27
239951,woolworths,Paper Mate Ink Joy Ballpoint Pens Black 10 pack,toilet_paper,search,2026-04-27
713771,woolworths,Paper Mate InkJoy 300RT Ballpoint Pens Assorted Colours 4 pack,toilet_paper,search,2026-04-27
713359,woolworths,Paper Mate InkJoy 300RT Ballpoint Pens Black 4 pack,toilet_paper,search,2026-04-27
239953,woolworths,Paper Mate InkJoy Ballpoint Pen 100ST Ultra Smooth Ink 10 pack,toilet_paper,search,2026-04-27
6025640,woolworths,Paper Mate Inkjoy Gel Pens 10 pack,toilet_paper,search,2026-04-27
6024637,woolworths,Paper Mate Inkjoy Gel Pens Candy Pop 4 pack,toilet_paper,search,2026-04-27
239956,woolworths,Paper Mate Kilometrico Ballpoint Pens Assorted Colours 10 pack,toilet_paper,search,2026-04-27
239955,woolworths,Paper Mate Kilometrico Ballpoint Pens Blue 10 pack,toilet_paper,search,2026-04-27
69015,woolworths,Paper Mate Liquid Paper Dryline Grip White Out Correction Tape 2 pack,toilet_paper,search,2026-04-27
330476,woolworths,Paper Mate Liquid Paper Dryline Grip White Out Correction Tape each,toilet_paper,search,2026-04-27
254216,woolworths,Paper Mate Liquid Paper Dryline i Mini White Out Correction Tape 3 pack,toilet_paper,search,2026-04-27
283096,woolworths,Paper Mate Liquid Paper White Out Correction Fluid 20mL 2 pack,toilet_paper,search,2026-04-27
100718,woolworths,Paper Mate Liquid Paper White Out Correction Pens 7mL x 2 pack,toilet_paper,search,2026-04-27
103712,woolworths,Paper Mate Profile 0.7mm Gel Pens Assorted Colours 4 pack,toilet_paper,search,2026-04-27
731887,woolworths,Paper Mate Profile 1.0mm Ballpoint Pens Black,toilet_paper,search,2026-04-27
333435,woolworths,Paper Mate Profile 1.0mm Ballpoint Pens Black 2 pack,toilet_paper,search,2026-04-27
283098,woolworths,Paper Mate Profile 1.0mm Ballpoint Pens Blue 2 pack,toilet_paper,search,2026-04-27
333429,woolworths,Paper Mate Sharpie Pen Black 2 Pack,toilet_paper,search,2026-04-27
6052659,woolworths,Paperclick Kraft Honeycomb Paper Roll 5m each,toilet_paper,search,2026-04-27
573709,woolworths,Paperclick Kraft Paper Tape Roll 48mm x 50m each,toilet_paper,search,2026-04-27
6052621,woolworths,Paperclick Paper Clips 200 pack,toilet_paper,search,2026-04-27
75280,woolworths,Papers Cigarette Paper 60 pack,toilet_paper,search,2026-04-27
789188,woolworths,Party Entertaining Paper Plates 10 pack,toilet_paper,search,2026-04-27
504818,woolworths,Quilton 3 Ply Toilet Tissue EcoPly 10 pack,toilet_paper,search,2026-04-27
158767,woolworths,Quilton Classic 3 Ply Toilet Paper 8 pack,toilet_paper,search,2026-04-27
512422,woolworths,Quilton Coconut Oil 3 Ply Toilet Paper 6 pack,toilet_paper,search,2026-04-27
251185,woolworths,Quilton Double Length 3 Ply Print Toilet Paper 8 pack,toilet_paper,search,2026-04-27
196464,woolworths,Quilton Double Length White 3 Ply Toilet Paper 8 pack,toilet_paper,search,2026-04-27
473213,woolworths,Quilton Gold 4 Ply Toilet Paper 12 pack,toilet_paper,search,2026-04-27
55469,woolworths,Quilton Gold 4 Ply Toilet Paper 30 pack,toilet_paper,search,2026-04-27
6005487,woolworths,Quilton Gold King Size 4 Ply Toilet Paper 20 pack,toilet_paper,search,2026-04-27
579597,woolworths,Quilton Gold Shea Butter 4 Ply Toilet Paper 6 pack,toilet_paper,search,2026-04-27
742707,woolworths,Quilton King Size 3 Ply Toilet Paper Unscented 6 pack,toilet_paper,search,2026-04-27
6048140,woolworths,Quilton Platinum White 5 Ply Toilet Tissue 24 pack,toilet_paper,search,2026-04-27
852042,woolworths,Quilton Prints 3 Ply Toilet Paper 180 Sheets 24 pack,toilet_paper,search,2026-04-27
6059370,woolworths,Quilton Softness 3Ply White Toilet Paper Box 18 pack,toilet_paper,search,2026-04-27
471733,woolworths,Quilton Triple Length 3 Ply Toilet Paper 6 pack,toilet_paper,search,2026-04-27
574728,woolworths,Quilton Tuffy 4 Ply White Paper Towel 3 x 60 pack,toilet_paper,search,2026-04-27
6059010,woolworths,Quilton Tuffy Double Length 2Ply Paper Towel 120 x 2 pack,toilet_paper,search,2026-04-27
6029499,woolworths,Quilton Tuffy Double Length Paper Towel Sheets 4 x 120 pack,toilet_paper,search,2026-04-27
785317,woolworths,Quilton Tuffy Triple Length Paper Towel 2 x 180 pack,toilet_paper,search,2026-04-27
859246,woolworths,Quilton White 3 Ply Toilet Paper 36 pack,toilet_paper,search,2026-04-27
165930,woolworths,Quilton White 3 Ply Toilet Paper 48 pack,toilet_paper,search,2026-04-27
851925,woolworths,Quilton White 3 Ply Toilet Paper White 180 Sheets 24 pack,toilet_paper,search,2026-04-27
640823,woolworths,Redds Compostable 20 Paper Pong Cup & 3 Balls Pack each,toilet_paper,search,2026-04-27
31238,woolworths,Rizla Cigarette Papers 100 pack,toilet_paper,search,2026-04-27
943254,woolworths,Rufus & Coco Earth's Finest Clumping Paper Litter 7.5L,toilet_paper,search,2026-04-27
553062,woolworths,Sabco Stainless Steel Toilet Brush Set each,toilet_paper,search,2026-04-27
758696,woolworths,Seatease Toilet Seat Cover Disposable 10 pack,toilet_paper,search,2026-04-27
672105,woolworths,Smitten Recycled Paper Cat Litter 10L,toilet_paper,search,2026-04-27
150052,woolworths,Sorbent Double Length 3 Ply Toilet Paper 4 pack,toilet_paper,search,2026-04-27
88679,woolworths,Sorbent Double Length 3 Ply Toilet Paper 8 pack,toilet_paper,search,2026-04-27
6055383,woolworths,Sorbent Double Length 3Ply Toilet Paper 10 pack,toilet_paper,search,2026-04-27
785129,woolworths,Sorbent Hypo-Allergenic 3 Ply Toilet Paper 20 pack,toilet_paper,specific,2026-04-27
132612,woolworths,Sorbent Silky White 3 Ply Toilet Paper 32 pack,toilet_paper,search,2026-04-27
938184,woolworths,Sorbent Soft & Strong 3 Ply Toilet Paper 10 pack,toilet_paper,search,2026-04-27
785118,woolworths,Sorbent Soft & Strong 3 Ply Toilet Paper 20 pack,toilet_paper,search,2026-04-27
6056230,woolworths,Sorbent Thick & Large 4Ply Toilet Paper 6 pack,toilet_paper,search,2026-04-27
507634,woolworths,Sorbent Thick & Soft 4 Ply Toilet Paper 12 pack,toilet_paper,search,2026-04-27
511906,woolworths,Sorbent Ultra Air Toilet Tissue White 140 Sheets 16 Pack,toilet_paper,search,2026-04-27
228135,woolworths,Stationery Trash To Treasure Toilet Roll Animals 3 Pack,toilet_paper,search,2026-04-27
171164,woolworths,Strike 2 Ply Paper Towel 2 Ply 2 x 80 pack,toilet_paper,search,2026-04-27
178477,woolworths,Strike Jumbo 2 Ply Paper Towel each,toilet_paper,search,2026-04-27
183961,woolworths,Strike PRO Toilet Clean Rim Block Citrus 2 pack,toilet_paper,search,2026-04-27
183962,woolworths,Strike PRO Toilet Clean Rim Block Marine 2 pack,toilet_paper,search,2026-04-27
167699,woolworths,Strike Pro 3 Ply Paper Towel 3 Ply 3 x 60 pack,toilet_paper,search,2026-04-27
183959,woolworths,Strike Pro Antibacterial Bleach Gel Toilet Cleaner Lemon Blast 700mL,toilet_paper,search,2026-04-27
183960,woolworths,Strike Pro Antibacterial Power Gel Toilet Cleaner Marine Fresh 700mL,toilet_paper,search,2026-04-27
435065,woolworths,Strike Pro Double Length 3 Ply Paper Towel 3 x 120 pack,toilet_paper,search,2026-04-27
196511,woolworths,Swisspers Cotton Tips Paper Stems 2 x 400 pack,toilet_paper,search,2026-04-27
805123,woolworths,Swisspers Cotton Tips With Paper Stems 120 pack,toilet_paper,search,2026-04-27
136745,woolworths,Swisspers Paper Cotton Stems 400 pack,toilet_paper,search,2026-04-27
30083,woolworths,Tally Ho Rolling Papers 50 pack,toilet_paper,search,2026-04-27
194860,woolworths,Tally Ho Rolling Papers Multipack 5 x 50 pack,toilet_paper,search,2026-04-27
361090,woolworths,UPM Office 80GSM A4 Multifunction Copy Paper 500 Sheets each,toilet_paper,search,2026-04-27
388988,woolworths,Uncles Cigarette Papers 5 x 60 pack,toilet_paper,search,2026-04-27
209995,woolworths,Ventti Papers Multipack 5 x 60 pack,toilet_paper,search,2026-04-27
23329,woolworths,Ventti Rolling Papers 60 pack,toilet_paper,search,2026-04-27
439743,woolworths,Vevelle Double Length 3 Ply Toilet Tissue 4 pack,toilet_paper,search,2026-04-27
390686,woolworths,Vevelle Luxury Soft 3 Ply Toilet Tissue 24 pack,toilet_paper,specific,2026-04-27
972302,woolworths,Vevelle Luxury Soft Double Length 3 Ply Toilet Tissue 24 pack,toilet_paper,search,2026-04-27
167690,woolworths,Vevelle White 1 Ply Toilet Tissue each,toilet_paper,search,2026-04-27
171303,woolworths,Vevelle White 2 Ply Toilet Tissue 12 pack,toilet_paper,search,2026-04-27
721364,woolworths,Viva Double Length Paper Towel Double Length 120 Sheets 2 x 120 pack,toilet_paper,search,2026-04-27
157334,woolworths,Viva Select A Size Double Length Paper Towel 3 x 180 pack,toilet_paper,search,2026-04-27
224587,woolworths,Viva Select-a-size Paper Towels Paper Towels 4 Pack,toilet_paper,search,2026-04-27
176852,woolworths,Viva White Paper Towel 120 Sheets 2 x 60 pack,toilet_paper,search,2026-04-27
249921,woolworths,Viva White Paper Towel 180 Sheets 3 x 60 pack,toilet_paper,search,2026-04-27
791822,woolworths,Viva White Paper Towel 480 Sheets 8 x 60 pack,toilet_paper,search,2026-04-27
573468,woolworths,Viva White Paper Towel White 360 Sheets 6 x 60 pack,toilet_paper,search,2026-04-27
6030286,woolworths,White King In Bowl Toilet Power Clean Citrus Burst 2 pack,toilet_paper,search,2026-04-27
6030024,woolworths,White King In Bowl Toilet Power Clean Floral Mist 2 pack,toilet_paper,search,2026-04-27
231374,woolworths,White King Toilet Gel Marine 700mL,toilet_paper,search,2026-04-27
166512,woolworths,White King Toilet Gel With Added Stain Remover Lavender 700mL,toilet_paper,search,2026-04-27
166383,woolworths,White King Toilet Gel with added Stain Remover Eucalyptus 700mL,toilet_paper,search,2026-04-27
166733,woolworths,White King Toilet Gel with added Stain Remover Lemon 700mL,toilet_paper,search,2026-04-27
228152,woolworths,White Magic ECO Bamboo Toilet Set each,toilet_paper,search,2026-04-27
914025,woolworths,Whiz Pop Bang Happy New Year Kids Coloured Paper Crowns 6 pack,toilet_paper,search,2026-04-27
913956,woolworths,Whiz Pop Bang Happy New Year Paper 30mL Shot Cups 20 pack,toilet_paper,search,2026-04-27
914026,woolworths,Whiz Pop Bang Happy New Year Paper Blowouts 8 pack,toilet_paper,search,2026-04-27
913954,woolworths,Whiz Pop Bang Happy New Year Paper Novelty Straws 8 pack,toilet_paper,search,2026-04-27
245029,woolworths,Whiz Pop Bang Mystical Paper Tablecloth each,toilet_paper,search,2026-04-27
54466,woolworths,Whiz Pop Bang Paper Loot Bags Assorted 10 pack,toilet_paper,search,2026-04-27
244291,woolworths,Whiz Pop Bang Themed Paper Loot Bags Each,toilet_paper,search,2026-04-27
613587,woolworths,Whiz Pop Bang Themed Paper Masks Assorted 6 pack,toilet_paper,search,2026-04-27
6041574,woolworths,Who Gives A Crap 100% Bamboo Double Length Christmas Toilet Tissue 16 pack,toilet_paper,search,2026-04-27
6011614,woolworths,Who Gives A Crap Classic Soft Double Length Recycled 3 Ply Toilet Paper 16 pack,toilet_paper,search,2026-04-27
268645,woolworths,Who Gives A Crap Double Length Bamboo 3 Ply Toilet Paper 8 pack,toilet_paper,search,2026-04-27
299272,woolworths,Who Gives A Crap Double Length Recycled 2 Ply Paper Towel 2 x 120 pack,toilet_paper,search,2026-04-27
433119,woolworths,Wiltshire Air Fryer 20cm Round Paper Liner 50 pack,toilet_paper,search,2026-04-27
6026107,woolworths,Wiltshire Steamer & Air Fryer Paper Liners 22cm Rectangle 50 pack,toilet_paper,search,2026-04-27
188515,woolworths,Woolworths Christmas Paper Shopping Bag Shopping Bag each,toilet_paper,search,2026-04-27
6005423,woolworths,Yarn'n Deadly 3 Ply Dunny Paper 8 pack,toilet_paper,search,2026-04-27
6057356,woolworths,Yarn'n Deadly Dunny Paper 3 Ply Double Length 8 pack,toilet_paper,search,2026-04-27
173652,woolworths,icare 100% Recycled 3 Ply Toilet Tissue 24 pack,toilet_paper,search,2026-04-27
847649,woolworths,icare 100% Recycled Double Length 3 Ply Toilet Tissue 6 pack,toilet_paper,search,2026-04-27
847655,woolworths,icare 100% Recycled Luxury 3 Ply Toilet Tissue 8 pack,toilet_paper,search,2026-04-27
156865,woolworths,icare Wipex Absorbent Recycled Pick A Size Paper Towel 3 x 100 pack,toilet_paper,search,2026-04-27
103467,woolworths,icare Wipex Recycled 3 Ply Paper Towel 2 x 60 pack,toilet_paper,search,2026-04-27
224754,woolworths,icare Wipex Recycled Double Length 3 Ply Paper Towel 2 x 120 pack,toilet_paper,search,2026-04-27
