group_id,group_name,category,product_id,vendor,product_name
1,Colgate Dental Floss Total Mint Waxed 100m,dental_floss,122602,chemist_warehouse,Colgate Dental Floss Total Mint Waxed 100m
2,Colgate Total Tartar Control Durable Oral Care Dental Floss 25m,dental_floss,44322,chemist_warehouse,Colgate Total Tartar Control Durable Oral Care Dental Floss 25m
3,Colgate Total Waxed Dental Floss 50m,dental_floss,65037,chemist_warehouse,Colgate Total Waxed Dental Floss 50m
4,Oral B Essential Floss 2x50m,dental_floss,84551,chemist_warehouse,Oral B Essential Floss 2x50m
5,Oral B Floss Waxed Mint 50m,dental_floss,53999,chemist_warehouse,Oral B Floss Waxed Mint 50m
6,Oral B Glide Deep Clean Dental Floss 40m,dental_floss,84550,chemist_warehouse,Oral B Glide Deep Clean Dental Floss 40m
7,Libra,goodnight_pads,74835,chemist_warehouse,Libra Goodnights Pads Ultra Thin 20
7,Libra,goodnight_pads,89413,chemist_warehouse,Libra Pad Extra Goodnight 20 Pack
8,Libra,goodnight_pads,157225,chemist_warehouse,Libra Pad Ultrathin Goodnight 10 Pack
8,Libra,goodnight_pads,44797,chemist_warehouse,Libra Pads Goodnights 10
9,Stayfree All Night Sanitary Pads With Wings 10 Pack,goodnight_pads,66115,chemist_warehouse,Stayfree All Night Sanitary Pads With Wings 10 Pack
10,Stayfree Super Pads With Wings 12 Pack,goodnight_pads,37871,chemist_warehouse,Stayfree Super Pads With Wings 12 Pack
11,U By Kotex,goodnight_pads,58869,chemist_warehouse,U by Kotex Ultrathin Overnight Regular with Wings Pads 10
11,U By Kotex,goodnight_pads,61260,chemist_warehouse,U by Kotex Extra Overnight Pads Wing 10 Pack
12,Overnight Long Wing 8 Pack,goodnight_pads,88177,chemist_warehouse,U by Kotex Ultra Thin Overnight Long Wing 8 Pack
12,Overnight Long Wing 8 Pack,goodnight_pads,88803,chemist_warehouse,U by Kotex Maxi Pad Overnight Long Wing 8 Pack
50,Blue Frog Granola Pic's Crunchy Peanut Butter,granola,7062811,coles,Blue Frog Granola Pic's Crunchy Peanut Butter
51,Blue Frog Probiotic Granola,granola,4310848,coles,Blue Frog Probiotic Granola Manuka Honey & Almond
51,Blue Frog Probiotic Granola,granola,5293507,coles,Blue Frog Probiotic Granola Triple Nut Crunch
52,Carman's Granola 450g,granola,3500327,coles,Carman's Almond Vanilla & Cinnamon Granola
52,Carman's Granola 450g,granola,3500382,coles,Carman's Pink Lady Apple & Blueberry Granola
52,Carman's Granola 450g,granola,4308631,coles,Carman's Granola Low Sugar Raspberry & Coconut
52,Carman's Granola 450g,granola,5297417,coles,Carman's Granola Protein Rich Almond & Hazelnut
52,Carman's Granola 450g,granola,143191,woolworths,Carman's Granola Raspberry & Coconut Low Sugar 450g
52,Carman's Granola 450g,granola,208900,woolworths,Carman's Granola Protein Rich Almond & Hazelnut 450g
53,Carman's Light and Crispy Granola 400g,granola,1132685,coles,Carman's Light & Crispy Granola Honey Nut
53,Carman's Light and Crispy Granola 400g,granola,1132812,coles,Carman's Light & Crispy Granola Raspberry & Vanilla
53,Carman's Light and Crispy Granola 400g,granola,6032680,woolworths,Carman's Light & Crispy Granola Raspberry & Vanilla 400g
53,Carman's Light and Crispy Granola 400g,granola,6032780,woolworths,Carman's Light & Crispy Granola Honey & Roasted Nut 400g
54,Carman's Low Sugar Granola Raspberry & Coconut 800g,granola,9013023,coles,Carman's Low Sugar Cereal Raspberry & Coconut Granola
54,Carman's Low Sugar Granola Raspberry & Coconut 800g,granola,6016152,woolworths,Carman's Low Sugar Granola Raspberry & Coconut 800g
55,Coles Finest Granola,granola,8953690,coles,Coles Finest Granola Honey Roasted Nut
55,Coles Finest Granola,granola,8956429,coles,Coles Finest Granola Pink Lady Apple & Caramel
55,Coles Finest Granola,granola,8957501,coles,Coles Finest Granola Grain Free Honey Almond & Coconut
56,Coles Nature's Kitchen Granola Cookie,granola,9467745,coles,Coles Nature's Kitchen Granola Cookie
57,Dorset Granola,granola,3779428,coles,Dorset Granola Berry
57,Dorset Granola,granola,3779450,coles,Dorset Granola Simply Nut
57,Dorset Granola,granola,85468,woolworths,Dorset Berry Granola 450g
57,Dorset Granola,granola,85470,woolworths,Dorset Nut Granola 450g
58,Farmer Jo Gluten Free Granola,granola,3758042,coles,Farmer Jo Gluten Free Paleo Granola
58,Farmer Jo Gluten Free Granola,granola,4308551,coles,Farmer Jo Gluten Free Keto Granola
58,Farmer Jo Gluten Free Granola,granola,8848867,coles,Farmer Jo Gluten Free Granola Nutty Chai & Coconut
58,Farmer Jo Gluten Free Granola,granola,8848889,coles,Farmer Jo Gluten Free Granola Caramel Almond Crunch
58,Farmer Jo Gluten Free Granola,granola,8849338,coles,Farmer Jo Gluten Free Granola Salted Maple Cashew
59,Farmer Jo Paleo Granola,granola,8146451,coles,Farmer Jo Paleo Cacao Granola
59,Farmer Jo Paleo Granola,granola,8153038,coles,Farmer Jo Paleo Granola
59,Farmer Jo Paleo Granola,granola,8153173,coles,Farmer Jo Paleo Cinnamon Granola
60,Food For Health Gluten Free Granola,granola,8962090,coles,Food For Health Gluten Free Granola Honey Roasted Nut
60,Food For Health Gluten Free Granola,granola,8962115,coles,Food For Health Gluten Free Granola Caramelised Apple Crumble
60,Food For Health Gluten Free Granola,granola,8962126,coles,Food For Health Gluten Free Granola Creamy Vanilla & Berries
60,Food For Health Gluten Free Granola,granola,8962137,coles,Food For Health Gluten Free Granola Maple Almond & Vanilla
61,Freedom Granola,granola,7083221,coles,Freedom Crafted Blends Blueberry Granola
61,Freedom Granola,granola,7083243,coles,Freedom Crafted Blends Maple & Almond Granola
61,Freedom Granola,granola,420783,woolworths,Freedom Honey Nut Granola 400g
61,Freedom Granola,granola,435816,woolworths,Freedom Maple & Almond Granola 400g
61,Freedom Granola,granola,440154,woolworths,Freedom Crafted Blends Blueberry Granola 400g
62,Heritage Mill Light & Crispy Granola Vanilla Crumble,granola,1135311,coles,Heritage Mill Light & Crispy Granola Vanilla Crumble
63,Irrewarra Granola,granola,3281041,coles,Irrewarra All Natural Granola Original
63,Irrewarra Granola,granola,3281063,coles,Irrewarra Fruit Free Granola
63,Irrewarra Granola,granola,3590104,coles,Irrewarra More Nuts And Honey Granola
63,Irrewarra Granola,granola,304776,woolworths,Irrewarra All Natural Granola Original 500G
64,Jordan's Crunchy Oat Granola,granola,1750254,coles,Jordans Crunchy Oat Granola With Berries Cereal
64,Jordan's Crunchy Oat Granola,granola,2499255,coles,Jordans Simply Crunchy Oat Granola
64,Jordan's Crunchy Oat Granola,granola,609556,woolworths,Jordans Simply Crunchy Oat Granola Honey 750g
64,Jordan's Crunchy Oat Granola,granola,790810,woolworths,Jordans Bursting With Berries Crunchy Oat Granola 500g
65,Jordans Low Sugar Granola,granola,3215105,coles,Jordans Low Sugar Granola Almond And Hazelnut
65,Jordans Low Sugar Granola,granola,3779381,coles,Jordans Low Sugar Granola Blueberry & Coconut
65,Jordans Low Sugar Granola,granola,207593,woolworths,Jordans Low Sugar Granola Strawberry & Seeds 500g
65,Jordans Low Sugar Granola,granola,6055344,woolworths,Jordans Low Sugar Granola Cashew & Raspberry 500g
65,Jordans Low Sugar Granola,granola,686551,woolworths,Jordans Granola Low Sugar Almond Hazelnut 500g
65,Jordans Low Sugar Granola,granola,810344,woolworths,Jordans Granola Low Sugar Cherry Almond 500G
65,Jordans Low Sugar Granola,granola,85598,woolworths,Jordans Low Sugar Granola Blueberry & Coconut 500g
66,Kellogg'S High Protein Granola,granola,1156592,coles,Kellogg's High Protein Granola Forest Berries
66,Kellogg'S High Protein Granola,granola,1156606,coles,Kellogg's High Protein Granola Apple Crumble
66,Kellogg'S High Protein Granola,granola,1156617,coles,Kellogg's High Protein Granola Honey Nut
66,Kellogg'S High Protein Granola,granola,6029127,woolworths,Kellogg's High Protein Granola Honey Nut 450g
66,Kellogg'S High Protein Granola,granola,6030841,woolworths,Kellogg's High Protein Granola Apple Crumble 450g
66,Kellogg'S High Protein Granola,granola,6031000,woolworths,Kellogg's High Protein Granola Forest Berries 450g
67,Mayver's High Protein Granola,granola,1700868,coles,Mayver's High Protein+ Granola Mixed Berries
67,Mayver's High Protein Granola,granola,1700890,coles,Mayver's High Protein + Granola Apple & Cinnamon
67,Mayver's High Protein Granola,granola,1784937,coles,Mayver's High Protein + Granola Caramelised Honey Oat
67,Mayver's High Protein Granola,granola,6055743,woolworths,Mayver's High Protein Granola Caramelised Honey Oat 400g
67,Mayver's High Protein Granola,granola,6056180,woolworths,Mayver's High Protein Granola Mixed Berries 400g
67,Mayver's High Protein Granola,granola,6056190,woolworths,Mayver's High Protein Granola Apple & Cinnamon 400g
68,Paleo Pure Grain Free Granola,granola,8386273,coles,Paleo Pure Grain Free Granola Berries And Cinnamon
68,Paleo Pure Grain Free Granola,granola,8386284,coles,Paleo Pure Grain Free Granola Low Fructose
68,Paleo Pure Grain Free Granola,granola,8386295,coles,Paleo Pure Grain Free Granola Fruit Free
68,Paleo Pure Grain Free Granola,granola,8386309,coles,Paleo Pure Grain Free Granola Raw Fruit Free
68,Paleo Pure Grain Free Granola,granola,8386310,coles,Paleo Pure Grain Free Granola Sugar Free
69,Red Tractor Farmers Market Golden Harvest Crunch Granola,granola,9026160,coles,Red Tractor Farmers Market Golden Harvest Crunch Granola
70,Red Tractor Farmers Market Honey & Cinnamon Granola,granola,9026400,coles,Red Tractor Farmers Market Honey & Cinnamon Granola
71,Red Tractor High Protein Granola,granola,9026740,coles,Red Tractor High Protein Honey Nut Granola
71,Red Tractor High Protein Granola,granola,9026783,coles,Red Tractor High Protein Granola Fruit & Berry
72,Red Tractor Low Sugar Granola,granola,4312821,coles,Red Tractor Protein Low Sugar Granola Choc Almond
72,Red Tractor Low Sugar Granola,granola,4312832,coles,Red Tractor Protein Low Sugar Granola Peanut Butter
72,Red Tractor Low Sugar Granola,granola,4312843,coles,Red Tractor Protein Low Sugar Granola Apple Caramel
72,Red Tractor Low Sugar Granola,granola,5288482,coles,Red Tractor Low Sugar Granola Vanilla Blueberry
73,Sunsol Protein Granola,granola,7062550,coles,Sunsol Protein Granola Chocolate Almond Crunch
73,Sunsol Protein Granola,granola,7062560,coles,Sunsol High Protein Granola Honey Nut Crunch
73,Sunsol Protein Granola,granola,6054597,woolworths,Sunsol High Protein Granola Choc Almond 450g
74,Vogel's Cluster Crunch Prebiotic Granola Peanut Butter,granola,9031433,coles,Vogel's Cluster Crunch Prebiotic Granola Peanut Butter
75,Yava Granola Bites,granola,8593052,coles,Yava Granola Bites Coconut Banana
75,Yava Granola Bites,granola,8593100,coles,Yava Granola Bites Chocolate Vanilla
76,Yava Granola With Cashews Chocolate Vanilla,granola,8593143,coles,Yava Granola With Cashews Chocolate Vanilla
133,Arnold'S Farm Granola,granola,184937,woolworths,Arnold's Farm Granola Pink Lady Apple & Cinnamon 700g
133,Arnold'S Farm Granola,granola,377308,woolworths,Arnold's Farm Maple & Pecan Granola 700g
134,Carman's Granola Antioxidant Blueberry & Vanilla 425g,granola,272603,woolworths,Carman's Granola Antioxidant Blueberry & Vanilla 425g
135,"Carman's Granola Grain Free Raspberry, Blueberry & Cranberry 400g",granola,208879,woolworths,"Carman's Granola Grain Free Raspberry, Blueberry & Cranberry 400g"
136,Carman's Sustained Energy Granola Crisp Apple & Honey 425g,granola,6054581,woolworths,Carman's Sustained Energy Granola Crisp Apple & Honey 425g
137,Farmer Jo Granola 400g,granola,8153050,coles,Farmer Jo Maple Granola
137,Farmer Jo Granola 400g,granola,8153082,coles,Farmer Jo Honey Granola
137,Farmer Jo Granola 400g,granola,6031257,woolworths,Farmer Jo Matcha Granola Maple & Coconut 400g
137,Farmer Jo Granola 400g,granola,935641,woolworths,Farmer Jo Granola Twice Baked Pistachio & Quinoa 400g
138,Freedom Crafted Blends Protein Granola,granola,6067043,woolworths,Freedom Crafted Blends Protein Granola Honey Cashew 360g
138,Freedom Crafted Blends Protein Granola,granola,6067336,woolworths,Freedom Crafted Blends Protein Granola Apple Raspberry 360g
139,Jordans Simply Granola Crunchy Oat & Honey 1.5kg,granola,147307,woolworths,Jordans Simply Granola Crunchy Oat & Honey 1.5kg
140,Sam'S Pantry Granola,granola,6054840,woolworths,Sam's Pantry Granola Maple & Pecan 700g
140,Sam'S Pantry Granola,granola,6054860,woolworths,Sam's Pantry Granola Pink Lady Apple & Cinnamon 700g
141,Sunsol Granola Almond Pink Lady Apple & Cinnamon 450g,granola,601574,woolworths,Sunsol Granola Almond Pink Lady Apple & Cinnamon 450g
142,Sunsol Wholegrain Granola,granola,566256,woolworths,Sunsol Wholegrain Granola Chunky Nut 450g
142,Sunsol Wholegrain Granola,granola,603792,woolworths,Sunsol Wholegrain Granola Almond & Super Berry 450g
143,Vogel'S Low Carb Granola,granola,225942,woolworths,Vogel's Low Carb Granola Apple Crumble & Cinnamon 360g
143,Vogel'S Low Carb Granola,granola,435447,woolworths,Vogel's Low Carb Granola Macadamia & Manuka Honey 360g
144,"Vogels Low Carb Granola Raspberry, Blueberry & Almond 360g",granola,225360,woolworths,"Vogels Low Carb Granola Raspberry, Blueberry & Almond 360g"
145,"We the many Prebiotic Granola With Green Banana, Fig & Almond 350g",granola,208083,woolworths,"We the many Prebiotic Granola With Green Banana, Fig & Almond 350g"
146,Woolworths Plantitude Granola Cookies 5 pack,granola,70720,woolworths,Woolworths Plantitude Granola Cookies 5 pack
204,Carman's Protein Rich Granola Almond & Hazelnut 800g,granola,6054590,woolworths,Carman's Protein Rich Granola Almond & Hazelnut 800g
205,Carman's Low Carb Granola Peanut Butter,granola,7043624,coles,Carman's Low Carb Granola Peanut Butter
206,Heritage Mill Clusters Almond & Cinnamon Limited Edition,granola,5284765,coles,Heritage Mill Clusters Almond & Cinnamon Limited Edition
207,Heritage Mill Protein Clusters Honey Roasted Nut,granola,1135297,coles,Heritage Mill Protein Clusters Honey Roasted Nut
125,Raspberry Hair Vinegar (4 Packs),hair_vinegar,100054443,skin_seoul,Raspberry Hair Vinegar (4 Packs)
126,345 Relief Cream (2 Packs),korean_moisturiser,100042771,skin_seoul,345 Relief Cream (2 Packs)
127,Purito Mighty Bamboo Panthenol Cream (1 Pack),korean_moisturiser,100003689,skin_seoul,Purito Mighty Bamboo Panthenol Cream (1 Pack)
13,Carefree Breathable Unscented Panty Liners 48 Pack,liners,88320,chemist_warehouse,Carefree Breathable Unscented Panty Liners 48 Pack
14,Libra Liner Dry Long 30 Pack,liners,119222,chemist_warehouse,Libra Liner Dry Long 30 Pack
15,Libra Liner Extra Protect 50 Pack,liners,119223,chemist_warehouse,Libra Liner Extra Protect 50 Pack
16,Libra Liner Flexi Double Liner Thin 2 in 1 25 Pack,liners,122563,chemist_warehouse,Libra Liner Flexi Double Liner Thin 2 in 1 25 Pack
17,U by Kotex Designer Series Liners Protect 30 Pack,liners,68891,chemist_warehouse,U by Kotex Designer Series Liners Protect 30 Pack
18,Dermal Therapy Lip Balm,lip_balm,103528,chemist_warehouse,Dermal Therapy Lip Balm Berry 10g
18,Dermal Therapy Lip Balm,lip_balm,116565,chemist_warehouse,Dermal Therapy Lip Balm Manuka Honey 10g
18,Dermal Therapy Lip Balm,lip_balm,122727,chemist_warehouse,Dermal Therapy Lip Balm Sensitive 10g
18,Dermal Therapy Lip Balm,lip_balm,86416,chemist_warehouse,Dermal Therapy Lip Balm 10g
19,Dermal Therapy Overnight Lip Repair 10ml,lip_balm,130577,chemist_warehouse,Dermal Therapy Overnight Lip Repair 10ml
20,Kotex U Ultra Thin Wings Regular 14,regular_pads,44564,chemist_warehouse,Kotex U Ultra Thin Wings Regular 14
21,Libra Wings Regular 14,regular_pads,31497,chemist_warehouse,Libra Pads Ultra Thins with Wings Regular 14
21,Libra Wings Regular 14,regular_pads,35507,chemist_warehouse,Libra Pads Wings Regular 14
22,Libra Ultra Thins Pads Wings Regular 20,regular_pads,83568,chemist_warehouse,Libra Ultra Thins Pads Wings Regular 20
23,U By Kotex Ultrathin Regular Wing Bulk Pack 20,regular_pads,141193,chemist_warehouse,U By Kotex Ultrathin Regular Wing Bulk Pack 20
24,U by Kotex Extra Pads Wing Regular 16 Pack,regular_pads,61258,chemist_warehouse,U by Kotex Extra Pads Wing Regular 16 Pack
25,Alpecin Caffeine Shampoo C1 250ml,shampoo,77857,chemist_warehouse,Alpecin Caffeine Shampoo C1 250ml
26,Alpecin Caffeine Shampoo C1 375ml,shampoo,86965,chemist_warehouse,Alpecin Caffeine Shampoo C1 375ml
27,Avene Cicalfate+ Restorative Protective Cream 100ml - Multi-purpose Repair cream,shampoo,79687,chemist_warehouse,Avene Cicalfate+ Restorative Protective Cream 100ml - Multi-purpose Repair cream
28,Bosistos Hand Wash Refill 1L,shampoo,115454,chemist_warehouse,Bosistos Banksia Flower & Lavender Hand Wash Refill 1L
28,Bosistos Hand Wash Refill 1L,shampoo,115455,chemist_warehouse,Bosistos Desert Lime & Eucalyptus Hand Wash Refill 1L
29,Dettol Hand Wash Aloe Vera Refill 950mL Vitamin E Antibacterial Liquid,shampoo,91511,chemist_warehouse,Dettol Hand Wash Aloe Vera Refill 950mL Vitamin E Antibacterial Liquid
30,Dettol Shower Cream Peach & Raspberry 950mL Profresh Body Wash,shampoo,91155,chemist_warehouse,Dettol Shower Cream Peach & Raspberry 950mL Profresh Body Wash
31,Enya Body Wash Vanilla Bean & Almond 1 Litre,shampoo,65521,chemist_warehouse,Enya Body Wash Vanilla Bean & Almond 1 Litre
32,La Roche Posay Cicaplast Baume B5+ 100ml,shampoo,122042,chemist_warehouse,La Roche Posay Cicaplast Baume B5+ 100ml
33,La Roche Posay Cicaplast Baume B5+ 40ml,shampoo,122041,chemist_warehouse,La Roche Posay Cicaplast Baume B5+ 40ml
34,Palmolive Hand Wash Refill,shampoo,152925,chemist_warehouse,Palmolive Luminous Oils Hand Wash Refill Mandarin & Rosemary Oil 1L
34,Palmolive Hand Wash Refill,shampoo,66509,chemist_warehouse,Palmolive Antibacterial Gentle Clean Liquid Hand Wash Refill & Save 1L
34,Palmolive Hand Wash Refill,shampoo,66510,chemist_warehouse,Palmolive Naturals Softwash Hand Wash Refill Milk & Honey 1L
34,Palmolive Hand Wash Refill,shampoo,66511,chemist_warehouse,Palmolive Naturals Softwash Hand Wash Refill Aloe & Chamomile 1L
36,Palmolive Naturals Body Wash,shampoo,63253,chemist_warehouse,Palmolive Naturals Body Wash Anti-Stress 1L
36,Palmolive Naturals Body Wash,shampoo,63255,chemist_warehouse,Palmolive Naturals Body Wash Milk & Honey 1L
36,Palmolive Naturals Body Wash,shampoo,64484,chemist_warehouse,Palmolive Naturals Body Wash Cherry Blossom 1L
36,Palmolive Naturals Body Wash,shampoo,64487,chemist_warehouse,Palmolive Naturals Body Wash Pomegranate & Mango 1L
36,Palmolive Naturals Body Wash,shampoo,72200,chemist_warehouse,Palmolive Naturals Body Wash Orchid 1L
37,Libra Girl Pads Regular Wing 12 Pack,small_pads,85219,chemist_warehouse,Libra Girl Pads Regular Wing 12 Pack
38,U by Kotex Ultra Thin Teen Regular Wing Pad 14 Pack,small_pads,165328,chemist_warehouse,U by Kotex Ultra Thin Teen Regular Wing Pad 14 Pack
128,Beauty Of Joseon Relief Sun Aqua Fresh Rice B5 (1 Pack),sunscreen,100009126,skin_seoul,Beauty Of Joseon Relief Sun Aqua Fresh Rice B5 (1 Pack)
129,Beauty Of Joseon Relief Sun Rice Probiotics (3 Packs),sunscreen,100005694,skin_seoul,Beauty Of Joseon Relief Sun Rice Probiotics (3 Packs)
130,Madagascar Centella Hyalu Cica Water Fit Sun Serum 100Ml (1 Pack),sunscreen,100009941,skin_seoul,Madagascar Centella Hyalu Cica Water Fit Sun Serum 100Ml (1 Pack)
131,Madagascar Centella Hyalu Cica Waterfit Sun Serum (2 Packs),sunscreen,100035574,skin_seoul,Madagascar Centella Hyalu Cica Waterfit Sun Serum (2 Packs)
132,Skin1004 Centella Airfit Suncream Light (1 Pack),sunscreen,100000164,skin_seoul,Skin1004 Centella Airfit Suncream Light (1 Pack)
77,Coles 2-ply Facial Tissues,tissue,9161519,coles,Coles 2-ply Facial Tissues
78,Coles Facial Tissues 2-ply White Facial Tissues,tissue,9161530,coles,Coles Facial Tissues 2-ply White Facial Tissues
79,Cottonsoft 2-ply Facial Tissue,tissue,9092540,coles,Cottonsoft 2-ply Facial Tissue
80,2 Ply,tissue,9493100,coles,Kleenex 2 Ply Jumbo Facial Tissues White
80,2 Ply,tissue,193613,woolworths,Kleenex Everyday 2 Ply Facial Tissues 250 pack
81,Kleenex 3 Ply Large N Thick Aloe Vera Facial Tissues,tissue,2372797,coles,Kleenex 3 Ply Large N Thick Aloe Vera Facial Tissues
82,Kleenex 3 Ply Large N Thick Tissues Facial,tissue,9333818,coles,Kleenex 3 Ply Large N Thick Tissues Facial
82,Kleenex 3 Ply Large N Thick Tissues Facial,tissue,172610,woolworths,Kleenex Large & Thick 3 Ply Facial Tissues 95 pack
83,Kleenex 3 Ply Soft & Thick Facial Tissues,tissue,5118857,coles,Kleenex 3 Ply Soft & Thick Facial Tissues
84,Kleenex 3 Ply Wellbeing Aloe Vera Facial Tissues,tissue,5749166,coles,Kleenex 3 Ply Wellbeing Aloe Vera Facial Tissues
85,Kleenex Wellbeing Facial Tissues 95 pack,tissue,1281572,coles,Kleenex Wellbeing Facial Tissues Eucalyptus
85,Kleenex Wellbeing Facial Tissues 95 pack,tissue,5749086,coles,Kleenex 3 Ply Wellbeing Tissues Facial Aloe Vera
86,Kleenex Wellbeing Facial Tissues 140 pack,tissue,3157745,coles,Kleenex 3ply Wellbeing Facial Tissues Eucalyptus
86,Kleenex Wellbeing Facial Tissues 140 pack,tissue,7340120,coles,Kleenex 3 Ply Wellbeing Tissues Facial Aloevera
87,Kleenex Ultimate  6ply Facial Tissues 70 pack,tissue,9110234,coles,Kleenex 6-ply Ultimate Facial Tissues
87,Kleenex Ultimate  6ply Facial Tissues 70 pack,tissue,6006664,woolworths,Kleenex Ultimate 6ply Tissues 70 pack
88,Kleenex Aloe Vera & Vitamin E 3 Ply Facial Tissue,tissue,1813365,coles,Kleenex Aloe Vera & Vitamin E 3 Ply Facial Tissue
89,Kleenex Facial Tissue Everyday 2 Ply,tissue,3661268,coles,Kleenex Facial Tissue Everyday 2 Ply
89,Kleenex Facial Tissue Everyday 2 Ply,tissue,63899,woolworths,Kleenex Everyday 2 Ply Facial Tissues 200 pack
90,Kleenex Facial Tissue 6x10 Pack,tissue,8134758,coles,Kleenex Facial Tissue Soft Lotion 6x10 Pack
90,Kleenex Facial Tissue 6x10 Pack,tissue,8134780,coles,Kleenex Facial Tissue Everyday 6x10 Pack
91,Kleenex Kids 2 Ply Facial Tissues,tissue,3661246,coles,Kleenex Facial Tissue Everyday Kids
91,Kleenex Kids 2 Ply Facial Tissues,tissue,62777,woolworths,Kleenex Everyday Kids 2 Ply Facial Tissues 200 pack
92,Kleenex Facial Tissue Soft,tissue,6891231,coles,Kleenex Facial Tissue Soft
93,Quilton 2-ply Hypo Allergenic Facial Tissues 250 pack,tissue,6325314,coles,Quilton 2-ply Hypo Allergenic Facial Tissues
93,Quilton 2-ply Hypo Allergenic Facial Tissues 250 pack,tissue,644239,woolworths,Quilton 2Ply Tissue Hypo-Allergenic 250 pack
94,Quilton 3 Ply Aloe Vera Facial Tissues,tissue,3055290,coles,Quilton 3 Ply Aloe Vera Facial Tissues
95,Quilton 3 Ply Extra Thick Facial Tissues,tissue,3055268,coles,Quilton 3 Ply Extra Thick Facial Tissues
96,Quilton Gold 4ply Facial Tissues Aloe Vera 100 pack,tissue,5080936,coles,Quilton Gold 4ply Facial Tissues Aloe Vera
96,Quilton Gold 4ply Facial Tissues Aloe Vera 100 pack,tissue,644240,woolworths,Quilton Gold 4 Ply Tissues Aloe Vera 100 pack
97,Quilton Large N Thick Hypo Allergenic Facial Tissues 96 Pack,tissue,8053598,coles,Quilton Large N Thick Hypo Allergenic Facial Tissues 96 Pack
98,Sorbent Facial Tissues Thick & Large White 95 pack,tissue,8065804,coles,Sorbent 2 Ply Extra Thick & Large Facial Tissues
98,Sorbent Facial Tissues Thick & Large White 95 pack,tissue,29425,woolworths,Sorbent Facial Tissues Thick & Large White 95 pack
98,Sorbent Facial Tissues Thick & Large White 95 pack,tissue,6055337,woolworths,Sorbent Facial Tissues Thick & Large With Aloe Vera 95 pack
98,Sorbent Facial Tissues Thick & Large White 95 pack,tissue,6055454,woolworths,Sorbent Facial Tissues Thick & Large White 95 pack
98,Sorbent Facial Tissues Thick & Large White 95 pack,tissue,720282,woolworths,Sorbent Thick & Large Hypoallergenic Facial Tissues 95 pack
99,Sorbent Facial Tissues 4Ply Pocket 6 pack,tissue,5834527,coles,Sorbent 4 Ply Pocket Pack White Facial Tissues
99,Sorbent Facial Tissues 4Ply Pocket 6 pack,tissue,317491,woolworths,Sorbent Facial Tissues 4Ply Pocket 6 pack
147,Essentials Facial Tissues 224 pack,tissue,759496,woolworths,Essentials Facial Tissues 224 pack
148,Icare Aloe Vera 3 Ply Facial Tissues 95 pack,tissue,503962,woolworths,Icare Aloe Vera 3 Ply Facial Tissues 95 pack
149,Kleenex Allergy Comfort 3 Ply Facial Tissues 85 Pack,tissue,119221,woolworths,Kleenex Allergy Comfort 3 Ply Facial Tissues 85 Pack
150,Kleenex Everyday On The Go Facial Tissues 60 pack,tissue,580718,woolworths,Kleenex Everyday On The Go Facial Tissues 60 pack
151,Kleenex Soft & Thick 3 Ply Facial Tissues 95 pack,tissue,64373,woolworths,Kleenex Soft & Thick 3 Ply Facial Tissues 95 pack
152,Kleenex Ultimate 6ply Tissues 20 pack,tissue,6006077,woolworths,Kleenex Ultimate 6ply Tissues 20 pack
153,Kleenex Ultra Soft Tissues Pocket 6 pack,tissue,534743,woolworths,Kleenex Ultra Soft Tissues Pocket 6 pack
154,Quilton Facial Tissue White 3Ply White 3Ply 55 pack,tissue,318338,woolworths,Quilton Facial Tissue White 3Ply White 3Ply 55 pack
155,Sorbent Facial Tissues Ultra Soft 170 pack,tissue,6055353,woolworths,Sorbent Facial Tissues Ultra Soft 170 pack
156,Sorbent Hypo-allergenic Pure White Tissues 170 Pack,tissue,237230,woolworths,Sorbent Hypo-allergenic Pure White Tissues 170 Pack
157,Sorbent Lotion Tissues 4 Ply 70 pack,tissue,905464,woolworths,Sorbent Lotion Tissues 4 Ply 70 pack
158,Symphony Facial Tissues White 228Ss 3 pack,tissue,183671,woolworths,Symphony Facial Tissues White 228Ss 3 pack
159,Vevelle Aloe Vera Tissues 3Ply 95 pack,tissue,121154,woolworths,Vevelle Aloe Vera Tissues 3Ply 95 pack
160,Vevelle Facial Tissue 2ply 90 pack,tissue,972443,woolworths,Vevelle Facial Tissue 2ply 90 pack
161,Who Gives A Crap 3Ply Tissues Assorted 140 pack,tissue,6056229,woolworths,Who Gives A Crap 3Ply Tissues Assorted 140 pack
162,icare Everyday Facial Tissue 200 pack,tissue,237935,woolworths,icare Everyday Facial Tissue 200 pack
209,Kleenex Eucalyptus 3 Ply Facial Tissues 95 pack,tissue,79492,woolworths,Kleenex Eucalyptus 3 Ply Facial Tissues 95 pack
100,Bulk Sorbent 3-ply Double Length White Toilet Paper,toilet_paper,1145440,coles,Bulk Sorbent 3-ply Double Length White Toilet Paper
101,Coles 3-ply So Soft & Strong White Double Length Toilet Paper,toilet_paper,9152391,coles,Coles 3-ply So Soft & Strong White Double Length Toilet Paper
102,Coles 3-ply So Soft & Strong White Toilet Paper,toilet_paper,9152370,coles,Coles 3-ply So Soft & Strong White Toilet Paper
103,Coles Simply 2-ply White Toilet Paper,toilet_paper,9152405,coles,Coles Simply 2-ply White Toilet Paper
104,Icare 100% Recycled Toilet Paper,toilet_paper,8685092,coles,Icare 100% Recycled Toilet Tissue
104,Icare 100% Recycled,toilet_paper,847655,woolworths,icare 100% Recycled Luxury 3 Ply Toilet Tissue 8 pack
105,Kleenex Complete Clean Double Length Toilet Paper,toilet_paper,3517115,coles,Kleenex Complete Clean Double Length Toilet Paper
105,Kleenex Complete Clean Double Length Toilet Paper,toilet_paper,722,woolworths,Kleenex Complete Clean Double Length Toilet Paper 12 pack
106,Kleenex Complete Clean Toilet Paper,toilet_paper,3064076,coles,Kleenex Complete Clean Toilet Paper
106,Kleenex Complete Clean Toilet Paper,toilet_paper,679037,woolworths,Kleenex Complete Clean Toilet Paper 9 pack
107,Kleenex Family Soft Big Roll Toilet Paper,toilet_paper,1619475,coles,Kleenex Family Soft Big Roll Toilet Paper
108,Kleenex Quilts 4 Ply Toilet Paper,toilet_paper,1619500,coles,Kleenex Quilts 4 Ply Toilet Paper
109,Quilton 3 Ply Classic White Toilet Paper,toilet_paper,7758634,coles,Quilton 3 Ply Classic White Toilet Paper
110,Quilton 3 Ply Double Length White Toilet Paper,toilet_paper,9642980,coles,Quilton 3 Ply Double Length White Toilet Paper
111,Quilton 3 Ply Floral Print Soft Double Length Toilet Paper,toilet_paper,5034000,coles,Quilton 3 Ply Floral Print Soft Double Length Toilet Paper
112,Quilton 3 Ply Unscented White Toilet Paper,toilet_paper,5034134,coles,Quilton 3 Ply Unscented White Toilet Paper
113,Quilton White 3 Ply Toilet Paper 36 pack,toilet_paper,2244549,coles,Quilton 3 Ply White Toilet Paper
113,Quilton White 3 Ply Toilet Paper 36 pack,toilet_paper,859246,woolworths,Quilton White 3 Ply Toilet Paper 36 pack
114,Quilton 4 Ply White Gold Toilet Paper,toilet_paper,9800265,coles,Quilton 4 Ply White Gold Toilet Paper
115,Quilton Gold 4 Ply Toilet Paper 30 pack,toilet_paper,7028030,coles,Quilton Gold 4ply Toilet Tissue
115,Quilton Gold 4 Ply Toilet Paper 30 pack,toilet_paper,55469,woolworths,Quilton Gold 4 Ply Toilet Paper 30 pack
116,Quilton Gold King Size 4 Ply Toilet Paper 20 pack,toilet_paper,3055202,coles,Quilton King Size Gold 4 Ply Toilet Tissue
116,Quilton Gold King Size 4 Ply Toilet Paper 20 pack,toilet_paper,6005487,woolworths,Quilton Gold King Size 4 Ply Toilet Paper 20 pack
117,Quilton White Toilet Tissue,toilet_paper,3055257,coles,Quilton White Toilet Tissue
118,Smart Ass Recycled Toilet Paper Double Length,toilet_paper,1620044,coles,Smart Ass Recycled Toilet Paper Double Length
119,Sorbent 3 Ply Hypo Allergenic Toilet Paper,toilet_paper,5865350,coles,Sorbent 3 Ply Hypo Allergenic Toilet Paper
120,Sorbent 3 Ply Soft & Strong Silky White Toilet Paper,toilet_paper,1145428,coles,Sorbent 3 Ply Soft & Strong Silky White Toilet Paper
121,Sorbent 3 Ply Soft & Strong Toilet Paper,toilet_paper,3974092,coles,Sorbent 3 Ply Soft & Strong Toilet Paper
122,Sorbent 3-ply Ultra Air Toilet Paper,toilet_paper,9102054,coles,Sorbent 3-ply Ultra Air Toilet Paper
123,Sorbent Thick & Large 4Ply Toilet Paper 6 pack,toilet_paper,1619533,coles,Sorbent 4-ply Super Size Toilet Paper
123,Sorbent Thick & Large 4Ply Toilet Paper 6 pack,toilet_paper,6056230,woolworths,Sorbent Thick & Large 4Ply Toilet Paper 6 pack
124,Sorbent Hypo Allergenic Flushable Wipes Toilet Tissue,toilet_paper,3974730,coles,Sorbent Hypo Allergenic Flushable Wipes Toilet Tissue
163,Foodbank 3 Ply Toilet Paper 20 pack,toilet_paper,6005360,woolworths,Foodbank 3 Ply Toilet Paper 20 pack
164,Kleenex CleanRipple Toilet Tissue White 18 pack,toilet_paper,464665,woolworths,Kleenex CleanRipple Toilet Tissue White 18 pack
165,Kleenex Complete Clean Double Length Toilet Paper 4 pack,toilet_paper,12407,woolworths,Kleenex Complete Clean Double Length Toilet Paper 4 pack
166,Kleenex Complete Clean White Toilet Paper 24 pack,toilet_paper,580263,woolworths,Kleenex Complete Clean White Toilet Paper 24 pack
167,Kleenex Double Length Toilet Paper 18 pack,toilet_paper,104253,woolworths,Kleenex Double Length Toilet Paper 18 pack
168,Kleenex Luxury Quilts 3 Ply Toilet Paper 6 pack,toilet_paper,503965,woolworths,Kleenex Luxury Quilts 3 Ply Toilet Paper 6 pack
169,Kleenex Luxury Quilts Toilet Tissue 3 Ply White 150 Sheets 12 Pack,toilet_paper,508853,woolworths,Kleenex Luxury Quilts Toilet Tissue 3 Ply White 150 Sheets 12 Pack
170,Naturale 100% Recycled 3 Ply Toilet Tissue 12 pack,toilet_paper,173155,woolworths,Naturale 100% Recycled 3 Ply Toilet Tissue 12 pack
171,No Issues Bamboo Toilet Paper 275 Sheets 6 pack,toilet_paper,582990,woolworths,No Issues Bamboo Toilet Paper 275 Sheets 6 pack
172,Quilton 3 Ply Toilet Tissue EcoPly 10 pack,toilet_paper,504818,woolworths,Quilton 3 Ply Toilet Tissue EcoPly 10 pack
173,Quilton Classic 3 Ply Toilet Paper 8 pack,toilet_paper,158767,woolworths,Quilton Classic 3 Ply Toilet Paper 8 pack
174,Quilton Coconut Oil 3 Ply Toilet Paper 6 pack,toilet_paper,512422,woolworths,Quilton Coconut Oil 3 Ply Toilet Paper 6 pack
175,Quilton Double Length 3 Ply Toilet Paper 8 pack,toilet_paper,196464,woolworths,Quilton Double Length White 3 Ply Toilet Paper 8 pack
175,Quilton Double Length 3 Ply Toilet Paper 8 pack,toilet_paper,251185,woolworths,Quilton Double Length 3 Ply Print Toilet Paper 8 pack
176,Quilton Gold 4 Ply Toilet Paper 12 pack,toilet_paper,473213,woolworths,Quilton Gold 4 Ply Toilet Paper 12 pack
177,Quilton Gold Shea Butter 4 Ply Toilet Paper 6 pack,toilet_paper,579597,woolworths,Quilton Gold Shea Butter 4 Ply Toilet Paper 6 pack
178,Quilton King Size 3 Ply Toilet Paper Unscented 6 pack,toilet_paper,742707,woolworths,Quilton King Size 3 Ply Toilet Paper Unscented 6 pack
179,Quilton Platinum 5Ply White Toilet Tissue 10 pack,toilet_paper,6059232,woolworths,Quilton Platinum 5Ply White Toilet Tissue 10 pack
180,Quilton Platinum White 5 Ply Toilet Tissue 24 pack,toilet_paper,6048140,woolworths,Quilton Platinum White 5 Ply Toilet Tissue 24 pack
181,Quilton 3 Ply Toilet Paper 180 Sheets 24 pack,toilet_paper,851925,woolworths,Quilton White 3 Ply Toilet Paper White 180 Sheets 24 pack
181,Quilton 3 Ply Toilet Paper 180 Sheets 24 pack,toilet_paper,852042,woolworths,Quilton Prints 3 Ply Toilet Paper 180 Sheets 24 pack
182,Quilton Softness 3Ply White Toilet Paper Box 18 pack,toilet_paper,6059370,woolworths,Quilton Softness 3Ply White Toilet Paper Box 18 pack
183,Quilton White 3 Ply Toilet Paper 48 pack,toilet_paper,165930,woolworths,Quilton White 3 Ply Toilet Paper 48 pack
184,Sorbent Double Length 3 Ply Toilet Paper 4 pack,toilet_paper,150052,woolworths,Sorbent Double Length 3 Ply Toilet Paper 4 pack
185,Sorbent Double Length 3 Ply Toilet Paper 8 pack,toilet_paper,88679,woolworths,Sorbent Double Length 3 Ply Toilet Paper 8 pack
186,Sorbent Double Length 3Ply Toilet Paper 10 pack,toilet_paper,6055383,woolworths,Sorbent Double Length 3Ply Toilet Paper 10 pack
187,Sorbent Hypo-Allergenic 3 Ply Toilet Paper 20 pack,toilet_paper,785129,woolworths,Sorbent Hypo-Allergenic 3 Ply Toilet Paper 20 pack
188,Sorbent Silky White 3 Ply Toilet Paper 32 pack,toilet_paper,132612,woolworths,Sorbent Silky White 3 Ply Toilet Paper 32 pack
189,Sorbent Soft & Strong 3 Ply Toilet Paper 10 pack,toilet_paper,938184,woolworths,Sorbent Soft & Strong 3 Ply Toilet Paper 10 pack
190,Sorbent Soft & Strong 3 Ply Toilet Paper 20 pack,toilet_paper,785118,woolworths,Sorbent Soft & Strong 3 Ply Toilet Paper 20 pack
191,Sorbent Thick & Soft 4 Ply Toilet Paper 12 pack,toilet_paper,507634,woolworths,Sorbent Thick & Soft 4 Ply Toilet Paper 12 pack
192,Sorbent Ultra Air Toilet Tissue White 140 Sheets 16 Pack,toilet_paper,511906,woolworths,Sorbent Ultra Air Toilet Tissue White 140 Sheets 16 Pack
193,Vevelle Double Length 3 Ply Toilet Tissue 4 pack,toilet_paper,439743,woolworths,Vevelle Double Length 3 Ply Toilet Tissue 4 pack
194,Vevelle Double Length 3 Ply Toilet Tissue 8 pack,toilet_paper,443282,woolworths,Vevelle Double Length 3 Ply Toilet Tissue 8 pack
195,Vevelle Luxury Soft 3 Ply Toilet Paper 4 pack,toilet_paper,972244,woolworths,Vevelle Luxury Soft 3 Ply Toilet Paper 4 pack
196,Vevelle Luxury Soft 3 Ply Toilet Tissue 24 pack,toilet_paper,390686,woolworths,Vevelle Luxury Soft 3 Ply Toilet Tissue 24 pack
197,Vevelle Luxury Soft Double Length 3 Ply Toilet Tissue 24 pack,toilet_paper,972302,woolworths,Vevelle Luxury Soft Double Length 3 Ply Toilet Tissue 24 pack
198,Vevelle White 1 Ply Toilet Tissue each,toilet_paper,167690,woolworths,Vevelle White 1 Ply Toilet Tissue each
199,Vevelle White 2 Ply Toilet Tissue 12 pack,toilet_paper,171303,woolworths,Vevelle White 2 Ply Toilet Tissue 12 pack
200,Who Gives A Crap 100% Bamboo Double Length Christmas Toilet Tissue 16 pack,toilet_paper,6041574,woolworths,Who Gives A Crap 100% Bamboo Double Length Christmas Toilet Tissue 16 pack
201,Who Gives A Crap Classic Soft Double Length Recycled 3 Ply Toilet Paper 16 pack,toilet_paper,6011614,woolworths,Who Gives A Crap Classic Soft Double Length Recycled 3 Ply Toilet Paper 16 pack
202,Who Gives A Crap Double Length Recycled 3 Ply Toilet Paper 8 pack,toilet_paper,267357,woolworths,Who Gives A Crap Double Length Recycled 3 Ply Toilet Paper 8 pack
203,icare 100% Recycled Double Length 3 Ply Toilet Tissue 6 pack,toilet_paper,847649,woolworths,icare 100% Recycled Double Length 3 Ply Toilet Tissue 6 pack
208,Coles Simply 3-ply Toilet Paper,toilet_paper,1710748,coles,Coles Simply 3-ply Toilet Paper
210,Quilton Triple Length 3 Ply Toilet Paper 6 pack,toilet_paper,471733,woolworths,Quilton Triple Length 3 Ply Toilet Paper 6 pack
211,Who Gives A Crap Double Length Bamboo 3 Ply Toilet Paper 8 pack,toilet_paper,268645,woolworths,Who Gives A Crap Double Length Bamboo 3 Ply Toilet Paper 8 pack
39,Colgate Zig Zag Deep Interdental Clean Toothbrush Medium Value 6 Pack,toothbrush,66129,chemist_warehouse,Colgate Zig Zag Deep Interdental Clean Toothbrush Medium Value 6 Pack
40,Oral B Toothbrush Cross Action 7 Benefits 5 Pack,toothbrush,151216,chemist_warehouse,Oral B Toothbrush Cross Action 7 Benefits 5 Pack
41,Colgate Toothpaste Advanced Whitening Charcoal 180g,toothpaste,116030,chemist_warehouse,Colgate Toothpaste Advanced Whitening Charcoal 180g
42,Colgate Toothpaste Advanced Whitening Tartar 115g,toothpaste,116028,chemist_warehouse,Colgate Toothpaste Advanced Whitening Tartar 115g
43,Colgate Toothpaste Cavity Protection Great Regular Value Pack 240g,toothpaste,112554,chemist_warehouse,Colgate Toothpaste Cavity Protection Great Regular Value Pack 240g
44,Colgate Toothpaste Optic White Purple 100g,toothpaste,137393,chemist_warehouse,Colgate Toothpaste Optic White Purple 100g
45,Colgate Toothpaste Sensitive ProRelief Enamel Repair 110g,toothpaste,65794,chemist_warehouse,Colgate Toothpaste Sensitive ProRelief Enamel Repair 110g
46,Colgate Toothpaste Total Active Prevention Mint Stripe 115g,toothpaste,90691,chemist_warehouse,Colgate Toothpaste Total Active Prevention Mint Stripe 115g
47,Colgate Toothpaste Triple Action 210g,toothpaste,112555,chemist_warehouse,Colgate Toothpaste Triple Action 210g
48,Oral B Toothpaste Gum Care & Intensive Clean 110g,toothpaste,107630,chemist_warehouse,Oral B Toothpaste Gum Care & Intensive Clean 110g
49,Sensodyne Toothpaste Daily Care + Whitening 160g Exclusive Size,toothpaste,102274,chemist_warehouse,Sensodyne Toothpaste Daily Care + Whitening 160g Exclusive Size
